{
  "structure": "individual",
  "payload": {
    "28AYQLYnkgBi5uKXN": {
      "data": {
        "code": "<!DOCTYPE html>\n<html lang=\"en\">\n\t<head>\n\t\t<meta charset=\"utf-8\">\n\t\t<title>Example</title>\n\t</head>\n\t<body>\n\t\t<section>\n\t\t\t<h1>A short history of the Web</h1>\n\t\t\t<h2>Where the Web was born</h2>\n\t\t\t\n\t\t\t<p>Tim Berners-Lee, a British scientist, invented the World Wide Web (WWW) in 1989, while working at CERN.</p>\t\t\t\n\t\t\t<p>Growing up, Sir Tim was interested in trains and had a model railway in his bedroom. He recalls:</p>\n\t\t\t\n\t\t\t<blockquote>“I made some electronic gadgets to control the trains. Then I ended up getting more interested in electronics than trains. Later on, when I was in college I made a computer out of an old television set.”</blockquote>\n\t\t\t\n\t\t\t<p>The basic idea of the WWW was to merge the evolving technologies of computers, data networks and hypertext into a powerful and easy to use global information system.</p>\n\t\t\t\n\t\t\t\n\t\t\t<h2>How the Web began</h2>\n\t\t\t\n\t\t\t<p>Tim Berners-Lee wrote the first proposal for the World Wide Web in March 1989 and his second proposal in May 1990. This was formalised as a management proposal in November 1990. This outlined the principal concepts and it defined important terms behind the Web. The document described a \"hypertext project\" called \"WorldWideWeb\" in which a \"web\" of \"hypertext documents\" could be viewed by “browsers”.</p>\n\t\t\t\n\t\t\t<p>By the end of 1990, Tim Berners-Lee had the first Web server and browser up and running at CERN, demonstrating his ideas. He developed the code for his Web server on a NeXT computer. To prevent it being accidentally switched off, the computer had a hand-written label in red ink: \"This machine is a server. DO NOT POWER IT DOWN!!\"</p>\n\n\t\t\t<!-- INSERT YOUR MARKUP BELOW -->\n\n\t\t\t\n\t\t\n\n\t\t\t\t(2) https://en.wikipedia.org/wiki/Tim_Berners-Lee\n\t\t\t\t\n\t\t\t\t*** Image sources ***\n\t\t\t\t(1) Tim's original proposal: https://tinyurl.com/yxdkbbbj\n\t\t\t\t(2) Tim Berners-Lee:\t\t https://tinyurl.com/yyjstlro\n\t\t\t\t\n\t\t\t\t*** Text content ***\n\t\t\t\t<p>The three fundamental technologies that remain the foundation of today’s web:</p>\n\t\t\t    <ul>\n\t\t\t        \n\t\t\t        <li><a href = \"https://en.wikipedia.org/wiki/HTML\">HTML</a></li>\n\t\t\t\t    <li>URI</li>\n\t\t\t\t    <li>HTTP</li>\n\t\t\t\t    \n\t\t\t\t</ul>\n\t\t\t\n\t\t\t\t<p>Read more about <a href=\"https://en.wikipedia.org/wiki/Tim_Berners-Lee\">Tim Berners-Lee</a></p>\n\t\t\n\t\t\t\n\t\t</section>\n\t</body>\n</html>"
      }
    },
    "2bcTjnfNuKp5hJcyK": {
      "data": {
        "code": "<!DOCTYPE html>\n<html lang=\"en\">\n\t<head>\n\t\t<meta charset=\"utf-8\">\n\t\t<title>Example</title>\n\t</head>\n\t<body>\n\t\t<section>\n\t\t\t<h1>A short history of the Web</h1>\n\t\t\t<h2>Where the Web was born</h2>\n\t\t\t\n\t\t\t<p>Tim Berners-Lee, a British scientist, invented the World Wide Web (WWW) in 1989, while working at CERN.</p>\t\t\t\n\t\t\t<p>Growing up, Sir Tim was interested in trains and had a model railway in his bedroom. He recalls:</p>\n\t\t\t\n\t\t\t<blockquote>“I made some electronic gadgets to control the trains. Then I ended up getting more interested in electronics than trains. Later on, when I was in college I made a computer out of an old television set.”</blockquote>\n\t\t\t\n\t\t\t<p>The basic idea of the WWW was to merge the evolving technologies of computers, data networks and hypertext into a powerful and easy to use global information system.</p>\n\t\t\t\n\t\t\t\n\t\t\t<h2>How the Web began</h2>\n\t\t\t\n\t\t\t<p>Tim Berners-Lee wrote the first proposal for the World Wide Web in March 1989 and his second proposal in May 1990. This was formalised as a management proposal in November 1990. This outlined the principal concepts and it defined important terms behind the Web. The document described a \"hypertext project\" called \"WorldWideWeb\" in which a \"web\" of \"hypertext documents\" could be viewed by “browsers”.</p>\n\t\t\t\n\t\t\t<p>By the end of 1990, Tim Berners-Lee had the first Web server and browser up and running at CERN, demonstrating his ideas. He developed the code for his Web server on a NeXT computer. To prevent it being accidentally switched off, the computer had a hand-written label in red ink: \"This machine is a server. DO NOT POWER IT DOWN!!\"</p>\n\n\t\t\t<url>https://en.wikipedia.org/wiki/HTML</url>\n\t\t\t<!-- INSERT YOUR MARKUP BELOW -->\n\n\t\t\t\n\t\t\t<!--\n\t\t\t\t*** Hyperlinks ***\n\t\t\t\t(1) https://en.wikipedia.org/wiki/HTML\n\t\t\t\t(2) https://en.wikipedia.org/wiki/Tim_Berners-Lee\n\t\t\t\t\n\t\t\t\t*** Image sources ***\n\t\t\t\t(1) Tim's original proposal: https://tinyurl.com/yxdkbbbj\n\t\t\t\t(2) Tim Berners-Lee:\t\t https://tinyurl.com/yyjstlro\n\t\t\t\t\n\t\t\t\t*** Text content ***\n\t\t\t\tThe three fundamental technologies that remain the foundation of today’s web:\n\t\t\t\n\t\t\t\tHTML\n\t\t\t\tURI\n\t\t\t\tHTTP\n\t\t\t\n\t\t\t\tRead more about Tim Berners-Lee\n\t\t\t-->\t\t\t\n\t\t</section>\n\t</body>\n</html>"
      }
    },
    "53TwXKQe62kT2tnRp": {
      "data": {
        "code": "<!DOCTYPE html>\n<html lang=\"en\">\n\t<head>\n\t\t<meta charset=\"utf-8\">\n\t\t<title>Example</title>\n\t</head>\n\t<body>\n\t\t<section>\n\t\t\t<h1>A short history of the Web</h1>\n\t\t\t<h2>Where the Web was born</h2>\n\t\t\t<ul>\n\t\t\t    <l1>\n\t\t\t        Elem 1\n\t\t\t    </l1>\n\t\t\t    <l2>\n\t\t\t        Elem 2\n\t\t\t    </l2>\n\t\t\t</ul>\n\t\t\t\n\t\t\t<p>Tim Berners-Lee, a British scientist, invented the World Wide Web (WWW) in 1989, while working at CERN.</p>\t\t\t\n\t\t\t<p>Growing up, Sir Tim was interested in trains and had a model railway in his bedroom. He recalls:</p>\n\t\t\t\n\t\t\t<blockquote>“I made some electronic gadgets to control the trains. Then I ended up getting more interested in electronics than trains. Later on, when I was in college I made a computer out of an old television set.”</blockquote>\n\t\t\t\n\t\t\t<p>The basic idea of the WWW was to merge the evolving technologies of computers, data networks and hypertext into a powerful and easy to use global information system.</p>\n\t\t\t\n\t\t\t\n\t\t\t<h2>How the Web began</h2>\n\t\t\t\n\t\t\t<p>Tim Berners-Lee wrote the first proposal for the World Wide Web in March 1989 and his second proposal in May 1990. This was formalised as a management proposal in November 1990. This outlined the principal concepts and it defined important terms behind the Web. The document described a \"hypertext project\" called \"WorldWideWeb\" in which a \"web\" of \"hypertext documents\" could be viewed by “browsers”.</p>\n\t\t\t\n\t\t\t<p>By the end of 1990, Tim Berners-Lee had the first Web server and browser up and running at CERN, demonstrating his ideas. He developed the code for his Web server on a NeXT computer. To prevent it being accidentally switched off, the computer had a hand-written label in red ink: \"This machine is a server. DO NOT POWER IT DOWN!!\"</p>\n\n\t\t\t<!-- INSERT YOUR MARKUP BELOW -->\n\n\t\t\t\n\t\t\t<!--\n\t\t\t\t*** Hyperlinks ***\n\t\t\t\t(1) https://en.wikipedia.org/wiki/HTML\n\t\t\t\t(2) https://en.wikipedia.org/wiki/Tim_Berners-Lee\n\t\t\t\t\n\t\t\t\t*** Image sources ***\n\t\t\t\t(1) Tim's original proposal: https://tinyurl.com/yxdkbbbj\n\t\t\t\t(2) Tim Berners-Lee:\t\t https://tinyurl.com/yyjstlro\n\t\t\t\t\n\t\t\t\t*** Text content ***\n\t\t\t\tThe three fundamental technologies that remain the foundation of today’s web:\n\t\t\t\n\t\t\t\tHTML\n\t\t\t\tURI\n\t\t\t\tHTTP\n\t\t\t\n\t\t\t\tRead more about Tim Berners-Lee\n\t\t\t-->\t\t\t\n\t\t</section>\n\t</body>\n</html>"
      }
    },
    "Aw4gxBApCsdMueCwk": {
      "data": {
        "code": "<!DOCTYPE html>\n<html lang=\"en\">\n\t<head>\n\t\t<meta charset=\"utf-8\">\n\t\t<title>Example</title>\n\t</head>\n\t<body>\n\t\t<section>\n\t\t\t<h1>A short history of the Web</h1>\n\t\t\t<h2>Where the Web was born</h2>\n\t\t\t\n\t\t\t<p>Tim Berners-Lee, a British scientist, invented the World Wide Web (WWW) in 1989, while working at CERN.</p>\t\t\t\n\t\t\t<p>Growing up, Sir Tim was interested in trains and had a model railway in his bedroom. He recalls:</p>\n\t\t\t\n\t\t\t<blockquote>“I made some electronic gadgets to control the trains. Then I ended up getting more interested in electronics than trains. Later on, when I was in college I made a computer out of an old television set.”</blockquote>\n\t\t\t\n\t\t\t<p>The basic idea of the WWW was to merge the evolving technologies of computers, data networks and hypertext into a powerful and easy to use global information system.</p>\n\t\t\t\n\t\t\t\n\t\t\t<h2>How the Web began</h2>\n\t\t\t\n\t\t\t<p>Tim Berners-Lee wrote the first proposal for the World Wide Web in March 1989 and his second proposal in May 1990. This was formalised as a management proposal in November 1990. This outlined the principal concepts and it defined important terms behind the Web. The document described a \"hypertext project\" called \"WorldWideWeb\" in which a \"web\" of \"hypertext documents\" could be viewed by “browsers”.</p>\n\t\t\t\n\t\t\t<p>By the end of 1990, Tim Berners-Lee had the first Web server and browser up and running at CERN, demonstrating his ideas. He developed the code for his Web server on a NeXT computer. To prevent it being accidentally switched off, the computer had a hand-written label in red ink: \"This machine is a server. DO NOT POWER IT DOWN!!\"</p>\n\n\t\t\t<!-- INSERT YOUR MARKUP BELOW -->\n\n\t\t\t<u>The three fundamental technologies that remain the foundation of today’s web: <\\u>\n\t\t\t<li>HTML</li>\n\t\t\t\n\t\t\t\t*** Hyperlinks ***\n\t\t\t\t(1) https://en.wikipedia.org/wiki/HTML\n\t\t\t\t(2) https://en.wikipedia.org/wiki/Tim_Berners-Lee\n\t\t\t\t\n\t\t\t\t*** Image sources ***\n\t\t\t\t(1) Tim's original proposal: https://tinyurl.com/yxdkbbbj\n\t\t\t\t(2) Tim Berners-Lee:\t\t https://tinyurl.com/yyjstlro\n\t\t\t\t\n\t\t\t\t*** Text content ***\n\t\t\t    \n\t\t\t\t\n\t\t\t\tURI\n\t\t\t\tHTTP\n\t\t\t\n\t\t\t\tRead more about Tim Berners-Lee\n            \t\t\n\t\t</section>\n\t</body>\n</html>"
      }
    },
    "BMjGCT4wEQuYNyTiS": {
      "data": {
        "code": "<!DOCTYPE html>\n<html lang=\"en\">\n\t<head>\n\t\t<meta charset=\"utf-8\">\n\t\t<title>Example</title>\n\t</head>\n\t<body>\n\t\t<section>\n\t\t\t<h1>A short history of the Web</h1>\n\t\t\t<h2>Where the Web was born</h2>\n\n\t\t\t\n\t\t\t<p>Tim Berners-Lee, a British scientist, invented the World Wide Web (WWW) in 1989, while working at CERN.</p>\t\t\t\n\t\t\t<p>Growing up, Sir Tim was interested in trains and had a model railway in his bedroom. He recalls:</p>\n\t\t\t\n\t\t\t<blockquote>“I made some electronic gadgets to control the trains. Then I ended up getting more interested in electronics than trains. Later on, when I was in college I made a computer out of an old television set.”</blockquote>\n\t\t\t\n\t\t\t<p>The basic idea of the WWW was to merge the evolving technologies of computers, data networks and hypertext into a powerful and easy to use global information system.</p>\n\t\t\t\n\t\t\t\n\t\t\t<h2>How the Web began</h2>\n\t\t\t\n\t\t\t<p>Tim Berners-Lee wrote the first proposal for the World Wide Web in March 1989 and his second proposal in May 1990. This was formalised as a management proposal in November 1990. This outlined the principal concepts and it defined important terms behind the Web. The document described a \"hypertext project\" called \"WorldWideWeb\" in which a \"web\" of \"hypertext documents\" could be viewed by “browsers”.</p>\n\t\t\t\n\t\t\t<p>By the end of 1990, Tim Berners-Lee had the first Web server and browser up and running at CERN, demonstrating his ideas. He developed the code for his Web server on a NeXT computer. To prevent it being accidentally switched off, the computer had a hand-written label in red ink: \"This machine is a server. DO NOT POWER IT DOWN!!\"</p>\n\n            <ul>\n                <li><a href=\"https://en.wikipedia.org/wiki/HTML\">HTML</href></li>\n            </ul>\n            \n            <br>\n\t\t\t<img src=\"https://tinyurl.com/yxdkbbbj\">\n\t\t\t<img src=\"https://tinyurl.com/yyjstlro\">\n\t\t\t<!-- INSERT YOUR MARKUP BELOW -->\n\n\t\t\t\n\t\t\t<!--\n\t\t\t\t*** Hyperlinks ***\n\t\t\t\t(1) https://en.wikipedia.org/wiki/HTML\n\t\t\t\t(2) https://en.wikipedia.org/wiki/Tim_Berners-Lee\n\t\t\t\t\n\t\t\t\t*** Image sources ***\n\t\t\t\t(1) Tim's original proposal: https://tinyurl.com/yxdkbbbj\n\t\t\t\t(2) Tim Berners-Lee:\t\t https://tinyurl.com/yyjstlro\n\t\t\t\t\n\t\t\t\t*** Text content ***\n\t\t\t\tThe three fundamental technologies that remain the foundation of today’s web:\n\t\t\t\n\t\t\t\tHTML\n\t\t\t\tURI\n\t\t\t\tHTTP\n\t\t\t\n\t\t\t\tRead more about Tim Berners-Lee\n\t\t\t-->\t\t\t\n\t\t</section>\n\t</body>\n</html>"
      }
    },
    "C23vEwAz5F76NjERx": {
      "data": {
        "code": "<!DOCTYPE html>\n<html lang=\"en\">\n\t<head>\n\t\t<meta charset=\"utf-8\">\n\t\t<title>Example</title>\n\t</head>\n\t<body>\n\t\t<section>\n\t\t\t<h1>A short history of the Web</h1>\n\t\t\t<h2>Where the Web was born</h2>\n\t\t\t\n\t\t\t<p>Tim Berners-Lee, a British scientist, invented the World Wide Web (WWW) in 1989, while working at CERN.</p>\t\t\t\n\t\t\t<p>Growing up, Sir Tim was interested in trains and had a model railway in his bedroom. He recalls:</p>\n\t\t\t\n\t\t\t<blockquote>“I made some electronic gadgets to control the trains. Then I ended up getting more interested in electronics than trains. Later on, when I was in college I made a computer out of an old television set.”</blockquote>\n\t\t\t\n\t\t\t<p>The basic idea of the WWW was to merge the evolving technologies of computers, data networks and hypertext into a powerful and easy to use global information system.</p>\n\t\t\t\n\t\t\t\n\t\t\t<h2>How the Web began</h2>\n\t\t\t\n\t\t\t<p>Tim Berners-Lee wrote the first proposal for the World Wide Web in March 1989 and his second proposal in May 1990. This was formalised as a management proposal in November 1990. This outlined the principal concepts and it defined important terms behind the Web. The document described a \"hypertext project\" called \"WorldWideWeb\" in which a \"web\" of \"hypertext documents\" could be viewed by “browsers”.</p>\n\t\t\t\n\t\t\t<p>By the end of 1990, Tim Berners-Lee had the first Web server and browser up and running at CERN, demonstrating his ideas. He developed the code for his Web server on a NeXT computer. To prevent it being accidentally switched off, the computer had a hand-written label in red ink: \"This machine is a server. DO NOT POWER IT DOWN!!\"</p>\n\n            <p>The three fundamental technologies that remain the foundation of today’s web:</p>\n            <ul>\n                <li><a href=\"https://en.wikipedia.org/wiki/HTML\">HTML</a></li>\n                <li>URI</li>\n                <li>HTTP</li>\n            </ul>\n            \n            <p>Read more about <a href=\"https://en.wikipedia.org/wiki/Tim_Berners-Lee\">Tim Berners-Lee</a></p>\n            \n            <img src=\"https://tinyurl.com/yxdkbbbj\">\n            <img src=\"https://tinyurl.com/yyjstlro\">\n            \n\t\t\t<!-- INSERT YOUR MARKUP BELOW -->\n\n\t\t\t\n\t\t\t<!--\n\t\t\t\t*** Hyperlinks ***\n\t\t\t\t(1) https://en.wikipedia.org/wiki/HTML\n\t\t\t\t(2) https://en.wikipedia.org/wiki/Tim_Berners-Lee\n\t\t\t\t\n\t\t\t\t*** Image sources ***\n\t\t\t\t(1) Tim's original proposal: https://tinyurl.com/yxdkbbbj\n\t\t\t\t(2) Tim Berners-Lee:\t\t https://tinyurl.com/yyjstlro\n\t\t\t\t\n\t\t\t\t*** Text content ***\n\t\t\t\tThe three fundamental technologies that remain the foundation of today’s web:\n\t\t\t\n\t\t\t\tHTML\n\t\t\t\tURI\n\t\t\t\tHTTP\n\t\t\t\n\t\t\t\tRead more about Tim Berners-Lee\n\t\t\t-->\t\t\t\n\t\t</section>\n\t</body>\n</html>"
      }
    },
    "EdAtNnM345PRb4tLZ": {
      "data": {
        "code": "<!DOCTYPE html>\n<html lang=\"en\">\n\t<head>\n\t\t<meta charset=\"utf-8\">\n\t\t<title>Example</title>\n\t</head>\n\t<body>\n\t\t<section>\n\t\t\t<h1>A short history of the Web</h1>\n\t\t\t<h2>Where the Web was born</h2>\n\t\t\t\n\t\t\t<p>Tim Berners-Lee, a British scientist, invented the World Wide Web (WWW) in 1989, while working at CERN.</p>\t\t\t\n\t\t\t<p>Growing up, Sir Tim was interested in trains and had a model railway in his bedroom. He recalls:</p>\n\t\t\t\n\t\t\t<blockquote>“I made some electronic gadgets to control the trains. Then I ended up getting more interested in electronics than trains. Later on, when I was in college I made a computer out of an old television set.”</blockquote>\n\t\t\t\n\t\t\t<p>The basic idea of the WWW was to merge the evolving technologies of computers, data networks and hypertext into a powerful and easy to use global information system.</p>\n\t\t\t\n\t\t\t\n\t\t\t<h2>How the Web began</h2>\n\t\t\t\n\t\t\t<p>Tim Berners-Lee wrote the first proposal for the World Wide Web in March 1989 and his second proposal in May 1990. This was formalised as a management proposal in November 1990. This outlined the principal concepts and it defined important terms behind the Web. The document described a \"hypertext project\" called \"WorldWideWeb\" in which a \"web\" of \"hypertext documents\" could be viewed by “browsers”.</p>\n\t\t\t\n\t\t\t<p>By the end of 1990, Tim Berners-Lee had the first Web server and browser up and running at CERN, demonstrating his ideas. He developed the code for his Web server on a NeXT computer. To prevent it being accidentally switched off, the computer had a hand-written label in red ink: \"This machine is a server. DO NOT POWER IT DOWN!!\"</p>\n\n\t\t\t<!-- INSERT YOUR MARKUP BELOW -->\n\n\t\t\t\n\t\t\t<!--\n\t\t\t\t*** Hyperlinks ***\n\t\t\t\t(1) https://en.wikipedia.org/wiki/HTML\n\t\t\t\t(2) https://en.wikipedia.org/wiki/Tim_Berners-Lee\n\t\t\t\t\n\t\t\t\t*** Image sources ***\n\t\t\t\t(1) Tim's original proposal: https://tinyurl.com/yxdkbbbj\n\t\t\t\t(2) Tim Berners-Lee:\t\t https://tinyurl.com/yyjstlro\n\t\t\t\t\n\t\t\t\t*** Text content ***\n\t\t\t\tThe three fundamental technologies that remain the foundation of today’s web:\n\t\t\t\n\t\t\t\tHTML\n\t\t\t\tURI\n\t\t\t\tHTTP\n\t\t\t\n\t\t\t\tRead more about Tim Berners-Lee\n\t\t\t-->\t\t\t\n\t\t</section>\n\t</body>\n</html>"
      }
    },
    "Gv7QyY2nyFbAQadHu": {
      "data": {
        "code": "<!DOCTYPE html>\n<html lang=\"en\">\n\t<head>\n\t\t<meta charset=\"utf-8\">\n\t\t<title>Example</title>\n\t</head>\n\t<body>\n\t\t<section>\n\t\t\t<h1>A short history of the Web</h1>\n\t\t\t<h2>Where the Web was born</h2>\n\t\t\t\n\t\t\t<p>Tim Berners-Lee, a British scientist, invented the World Wide Web (WWW) in 1989, while working at CERN.</p>\t\t\t\n\t\t\t<p>Growing up, Sir Tim was interested in trains and had a model railway in his bedroom. He recalls:</p>\n\t\t\t\n\t\t\t<blockquote>“I made some electronic gadgets to control the trains. Then I ended up getting more interested in electronics than trains. Later on, when I was in college I made a computer out of an old television set.”</blockquote>\n\t\t\t\n\t\t\t<p>The basic idea of the WWW was to merge the evolving technologies of computers, data networks and hypertext into a powerful and easy to use global information system.</p>\n\t\t\t\n\t\t\t\n\t\t\t<h2>How the Web began</h2>\n\t\t\t\n\t\t\t<p>Tim Berners-Lee wrote the first proposal for the World Wide Web in March 1989 and his second proposal in May 1990. This was formalised as a management proposal in November 1990. This outlined the principal concepts and it defined important terms behind the Web. The document described a \"hypertext project\" called \"WorldWideWeb\" in which a \"web\" of \"hypertext documents\" could be viewed by “browsers”.</p>\n\t\t\t\n\t\t\t<p>By the end of 1990, Tim Berners-Lee had the first Web server and browser up and running at CERN, demonstrating his ideas. He developed the code for his Web server on a NeXT computer. To prevent it being accidentally switched off, the computer had a hand-written label in red ink: \"This machine is a server. DO NOT POWER IT DOWN!!\"</p>\n\n\t\t\t<!-- INSERT YOUR MARKUP BELOW -->\n            \n            \n            <img src=\"https://tinyurl.com/yxdkbbbj\" alt=\"Tim's original proposal\">\n            <img src=\"https://tinyurl.com/yyjstlro\" alt=\"Tim Berners-Lee\">ù\n            \n            \n\t\t\t\n\t\t\t<!--\n\t\t\t\t*** Hyperlinks ***\n\t\t\t\t(1) https://en.wikipedia.org/wiki/HTML\n\t\t\t\t(2) https://en.wikipedia.org/wiki/Tim_Berners-Lee\n\t\t\t\t\n\t\t\t\t*** Image sources ***\n\t\t\t\t(1) Tim's original proposal: https://tinyurl.com/yxdkbbbj\n\t\t\t\t(2) Tim Berners-Lee:\t\t https://tinyurl.com/yyjstlro\n\t\t\t\t\n\t\t\t\t*** Text content ***\n\t\t\t\tThe three fundamental technologies that remain the foundation of today’s web:\n\t\t\t\n\t\t\t\tHTML\n\t\t\t\tURI\n\t\t\t\tHTTP\n\t\t\t\n\t\t\t\tRead more about Tim Berners-Lee\n\t\t\t-->\t\t\t\n\t\t</section>\n\t</body>\n</html>"
      }
    },
    "NEJpZWwLZ4dzzvYh7": {
      "data": {
        "code": "<!DOCTYPE html>\n<html lang=\"en\">\n\t<head>\n\t\t<meta charset=\"utf-8\">\n\t\t<title>Example</title>\n\t</head>\n\t<body>\n\t\t<section>\n\t\t\t<h1>A short history of the Web</h1>\n\t\t\t<h2>Where the Web was born</h2>\n\t\t\t\n\t\t\t<p>Tim Berners-Lee, a British scientist, invented the World Wide Web (WWW) in 1989, while working at CERN.</p>\t\t\t\n\t\t\t<p>Growing up, Sir Tim was interested in trains and had a model railway in his bedroom. He recalls:</p>\n\t\t\t\n\t\t\t<blockquote>“I made some electronic gadgets to control the trains. Then I ended up getting more interested in electronics than trains. Later on, when I was in college I made a computer out of an old television set.”</blockquote>\n\t\t\t\n\t\t\t<p>The basic idea of the WWW was to merge the evolving technologies of computers, data networks and hypertext into a powerful and easy to use global information system.</p>\n\t\t\t\n\t\t\t\n\t\t\t<h2>How the Web began</h2>\n\t\t\t\n\t\t\t<p>Tim Berners-Lee wrote the first proposal for the World Wide Web in March 1989 and his second proposal in May 1990. This was formalised as a management proposal in November 1990. This outlined the principal concepts and it defined important terms behind the Web. The document described a \"hypertext project\" called \"WorldWideWeb\" in which a \"web\" of \"hypertext documents\" could be viewed by “browsers”.</p>\n\t\t\t\n\t\t\t<p>By the end of 1990, Tim Berners-Lee had the first Web server and browser up and running at CERN, demonstrating his ideas. He developed the code for his Web server on a NeXT computer. To prevent it being accidentally switched off, the computer had a hand-written label in red ink: \"This machine is a server. DO NOT POWER IT DOWN!!\"</p>\n\n\t\t\t<!-- INSERT YOUR MARKUP BELOW -->\n            \n\t\t\t<a>https://en.wikipedia.org/wiki/HTML</a>\n\t\t\t<a>https://en.wikipedia.org/wiki/Tim_Berners-Lee</a>\n\t\t\t\n\t\t\t<img src=\"https://tinyurl.com/yxdkbbbj\"></img>\n\t\t\t<img src=\"https://tinyurl.com/yyjstlro\"></img>\n\t\t\t\n\t\t\t<p>The three fundamental technologies that remain the foundation of today’s web:</p>\n\t\t\t\n\t\t\t<ul>\n\t\t\t    <li>HTML</li>\n\t\t\t    <li>URI</li>\n\t\t\t    <li>HTTP</li>\n\t\t\t</ul>\n\t\t\t\n\t\t\t<p>Read more about Tim Berners-Lee</p>\n\t\t\t\n\t\t\t<!--\n\t\t\t\t*** Hyperlinks ***\n\t\t\t\t(1) https://en.wikipedia.org/wiki/HTML\n\t\t\t\t(2) https://en.wikipedia.org/wiki/Tim_Berners-Lee\n\t\t\t\t\n\t\t\t\t*** Image sources ***\n\t\t\t\t(1) Tim's original proposal: https://tinyurl.com/yxdkbbbj\n\t\t\t\t(2) Tim Berners-Lee:\t\t https://tinyurl.com/yyjstlro\n\t\t\t\t\n\t\t\t\t*** Text content ***\n\t\t\t\tThe three fundamental technologies that remain the foundation of today’s web:\n\t\t\t\n\t\t\t\tHTML\n\t\t\t\tURI\n\t\t\t\tHTTP\n\t\t\t\n\t\t\t\tRead more about Tim Berners-Lee\n\t\t\t-->\t\t\t\n\t\t</section>\n\t</body>\n</html>"
      }
    },
    "PdmCgSRv3kmfWwA3a": {
      "data": {
        "code": "<!DOCTYPE html>\n<html lang=\"en\">\n\t<head>\n\t\t<meta charset=\"utf-8\">\n\t\t<title>Example</title>\n\t</head>\n\t<body>\n\t\t<section>\n\t\t\t<h1>A short history of the Web</h1>\n\t\t\t<h2>Where the Web was born</h2>\n\t\t\t\n\t\t\t<p>Tim Berners-Lee, a British scientist, invented the World Wide Web (WWW) in 1989, while working at CERN.</p>\t\t\t\n\t\t\t<p>Growing up, Sir Tim was interested in trains and had a model railway in his bedroom. He recalls:</p>\n\t\t\t\n\t\t\t<blockquote>“I made some electronic gadgets to control the trains. Then I ended up getting more interested in electronics than trains. Later on, when I was in college I made a computer out of an old television set.”</blockquote>\n\t\t\t\n\t\t\t<p>The basic idea of the WWW was to merge the evolving technologies of computers, data networks and hypertext into a powerful and easy to use global information system.</p>\n\t\t\t\n\t\t\t\n\t\t\t<h2>How the Web began</h2>\n\t\t\t\n\t\t\t<p>Tim Berners-Lee wrote the first proposal for the World Wide Web in March 1989 and his second proposal in May 1990. This was formalised as a management proposal in November 1990. This outlined the principal concepts and it defined important terms behind the Web. The document described a \"hypertext project\" called \"WorldWideWeb\" in which a \"web\" of \"hypertext documents\" could be viewed by “browsers”.</p>\n\t\t\t\n\t\t\t<p>By the end of 1990, Tim Berners-Lee had the first Web server and browser up and running at CERN, demonstrating his ideas. He developed the code for his Web server on a NeXT computer. To prevent it being accidentally switched off, the computer had a hand-written label in red ink: \"This machine is a server. DO NOT POWER IT DOWN!!\"</p>\n\n\t\t\t<!-- INSERT YOUR MARKUP BELOW -->\n\n\t\t\t\n\t\t\t<!--\n\t\t\t\t*** Hyperlinks ***\n\t\t\t\t(1) https://en.wikipedia.org/wiki/HTML\n\t\t\t\t(2) https://en.wikipedia.org/wiki/Tim_Berners-Lee\n\t\t\t\t\n\t\t\t\t*** Image sources ***\n\t\t\t\t(1) Tim's original proposal: https://tinyurl.com/yxdkbbbj\n\t\t\t\t(2) Tim Berners-Lee:\t\t https://tinyurl.com/yyjstlro\n\t\t\t\t\n\t\t\t\t*** Text content ***\n\t\t\t\tThe three fundamental technologies that remain the foundation of today’s web:\n\t\t\t\n\t\t\t\tHTML\n\t\t\t\tURI\n\t\t\t\tHTTP\n\t\t\t\n\t\t\t\tRead more about Tim Berners-Lee\n\t\t\t-->\t\t\t\n\t\t</section>\n\t</body>\n</html>"
      }
    },
    "PqdvC3XWpMyWFqire": {
      "data": {
        "code": "<!DOCTYPE html>\n<html lang=\"en\">\n\t<head>\n\t\t<meta charset=\"utf-8\">\n\t\t<title>Example</title>\n\t</head>\n\t<body>\n\t\t<section>\n\t\t\t<h1>A short history of the Web</h1>\n\t\t\t<h2>Where the Web was born</h2>\n\t\t\t\n\t\t\t<p>Tim Berners-Lee, a British scientist, invented the World Wide Web (WWW) in 1989, while working at CERN.</p>\t\t\t\n\t\t\t<p>Growing up, Sir Tim was interested in trains and had a model railway in his bedroom. He recalls:</p>\n\t\t\t\n\t\t\t<blockquote>“I made some electronic gadgets to control the trains. Then I ended up getting more interested in electronics than trains. Later on, when I was in college I made a computer out of an old television set.”</blockquote>\n\t\t\t\n\t\t\t<p>The basic idea of the WWW was to merge the evolving technologies of computers, data networks and hypertext into a powerful and easy to use global information system.</p>\n\t\t\t\n\t\t\t\n\t\t\t<h2>How the Web began</h2>\n\t\t\t\n\t\t\t<p>Tim Berners-Lee wrote the first proposal for the World Wide Web in March 1989 and his second proposal in May 1990. This was formalised as a management proposal in November 1990. This outlined the principal concepts and it defined important terms behind the Web. The document described a \"hypertext project\" called \"WorldWideWeb\" in which a \"web\" of \"hypertext documents\" could be viewed by “browsers”.</p>\n\t\t\t\n\t\t\t<p>By the end of 1990, Tim Berners-Lee had the first Web server and browser up and running at CERN, demonstrating his ideas. He developed the code for his Web server on a NeXT computer. To prevent it being accidentally switched off, the computer had a hand-written label in red ink: \"This machine is a server. DO NOT POWER IT DOWN!!\"</p>\n            \n\t\t\tThe three fundaùental technologies that remmains the foundation blablalba\n\t\t\t\n\t\t\t<u> \n\t\t\t<li><a href=https://en.wikipedia.org/wiki/HTML > HTML</a> </li>\n\t\t\t<li> URI</li>\n\t\t\t<li>HTTP</li>\n\t\t\t     \n\t\t\t</u>\n\t\t\t\n\t\t<img href =https://tinyurl.com/yxdkbbbj>\n\t\t\n\t\t\t\n\t\t\t<!-- INSERT YOUR MARKUP BELOW -->\n\n\t\t\t\n\t\t\t<!--\n\t\t\t\t*** Hyperlinks ***\n\t\t\t\t(1) https://en.wikipedia.org/wiki/HTML\n\t\t\t\t(2) https://en.wikipedia.org/wiki/Tim_Berners-Lee\n\t\t\t\t\n\t\t\t\t*** Image sources ***\n\t\t\t\t(1) Tim's original proposal: https://tinyurl.com/yxdkbbbj\n\t\t\t\t(2) Tim Berners-Lee:\t\t https://tinyurl.com/yyjstlro\n\t\t\t\t\n\t\t\t\t*** Text content ***\n\t\t\t\tThe three fundamental technologies that remain the foundation of today’s web:\n\t\t\t\n\t\t\t\tHTML\n\t\t\t\tURI\n\t\t\t\tHTTP\n\t\t\t\n\t\t\t\tRead more about Tim Berners-Lee\n\t\t\t-->\t\t\t\n\t\t</section>\n\t</body>\n</html>"
      }
    },
    "PrjgtRBCGbqJoZ3HN": {
      "data": {
        "code": "<!DOCTYPE html>\n<html lang=\"en\">\n\t<head>\n\t\t<meta charset=\"utf-8\">\n\t\t<title>Example</title>\n\t</head>\n\t<body>\n\t\t<section>\n\t\t\t<h1>A short history of the Web</h1>\n\t\t\t<h2>Where the Web was born</h2>\n\t\t\t\n\t\t\t<p>Tim Berners-Lee, a British scientist, invented the World Wide Web (WWW) in 1989, while working at CERN.</p>\t\t\t\n\t\t\t<p>Growing up, Sir Tim was interested in trains and had a model railway in his bedroom. He recalls:</p>\n\t\t\t\n\t\t\t<blockquote>“I made some electronic gadgets to control the trains. Then I ended up getting more interested in electronics than trains. Later on, when I was in college I made a computer out of an old television set.”</blockquote>\n\t\t\t\n\t\t\t<p>The basic idea of the WWW was to merge the evolving technologies of computers, data networks and hypertext into a powerful and easy to use global information system.</p>\n\t\t\t\n\t\t\t\n\t\t\t<h2>How the Web began</h2>\n\t\t\t\n\t\t\t<p>Tim Berners-Lee wrote the first proposal for the World Wide Web in March 1989 and his second proposal in May 1990. This was formalised as a management proposal in November 1990. This outlined the principal concepts and it defined important terms behind the Web. The document described a \"hypertext project\" called \"WorldWideWeb\" in which a \"web\" of \"hypertext documents\" could be viewed by “browsers”.</p>\n\t\t\t\n\t\t\t<p>By the end of 1990, Tim Berners-Lee had the first Web server and browser up and running at CERN, demonstrating his ideas. He developed the code for his Web server on a NeXT computer. To prevent it being accidentally switched off, the computer had a hand-written label in red ink: \"This machine is a server. DO NOT POWER IT DOWN!!\"</p>\n            <p>The three fundamental technologies that remain the foundation of today’s web:</p>\n            <ul>\n                <li><a href='https://en.wikipedia.org/wiki/HTML'>HTML</a></li>\n                <li>URI</li>\n                <li>HTTP</li>\n            </ul>\n            Read more about <a href='https://en.wikipedia.org/wiki/Tim_Berners-Lee'>Tim Berners-Lee</a>\n            <image src=\"https://tinyurl.com/yxdkbbbj\" alt='Tims original proposal'></image>\n            <image src=\"https://tinyurl.com/yyjstlro\" alt='Tim Berners-Lee'></image>\n\t\t\t<!-- INSERT YOUR MARKUP BELOW -->\n\n\t\t\t\n\t\t\t<!--\n\t\t\t\t*** Hyperlinks ***\n\t\t\t\t(1) https://en.wikipedia.org/wiki/HTML\n\t\t\t\t(2) https://en.wikipedia.org/wiki/Tim_Berners-Lee\n\t\t\t\t\n\t\t\t\t*** Image sources ***\n\t\t\t\t(1) Tim's original proposal: https://tinyurl.com/yxdkbbbj\n\t\t\t\t(2) Tim Berners-Lee:\t\t https://tinyurl.com/yyjstlro\n\t\t\t\t\n\t\t\t\t*** Text content ***\n\t\t\t\tThe three fundamental technologies that remain the foundation of today’s web:\n\t\t\t\n\t\t\t\tHTML\n\t\t\t\tURI\n\t\t\t\tHTTP\n\t\t\t\n\t\t\t\tRead more about Tim Berners-Lee\n\t\t\t-->\t\t\t\n\t\t</section>\n\t</body>\n</html>"
      }
    },
    "QpTfa3muPPMBFR9Pp": {
      "data": {
        "code": "<!DOCTYPE html>\n<html lang=\"en\">\n\t<head>\n\t\t<meta charset=\"utf-8\">\n\t\t<title>Example</title>\n\t</head>\n\t<body>\n\t\t<section>\n\t\t\t<h1>A short history of the Web</h1>\n\t\t\t<h2>Where the Web was born</h2>\n\t\t\t\n\t\t\t<p>Tim Berners-Lee, a British scientist, invented the World Wide Web (WWW) in 1989, while working at CERN.</p>\t\t\t\n\t\t\t<p>Growing up, Sir Tim was interested in trains and had a model railway in his bedroom. He recalls:</p>\n\t\t\t\n\t\t\t<blockquote>“I made some electronic gadgets to control the trains. Then I ended up getting more interested in electronics than trains. Later on, when I was in college I made a computer out of an old television set.”</blockquote>\n\t\t\t\n\t\t\t<p>The basic idea of the WWW was to merge the evolving technologies of computers, data networks and hypertext into a powerful and easy to use global information system.</p>\n\t\t\t\n\t\t\t\n\t\t\t<h2>How the Web began</h2>\n\t\t\t\n\t\t\t<p>Tim Berners-Lee wrote the first proposal for the World Wide Web in March 1989 and his second proposal in May 1990. This was formalised as a management proposal in November 1990. This outlined the principal concepts and it defined important terms behind the Web. The document described a \"hypertext project\" called \"WorldWideWeb\" in which a \"web\" of \"hypertext documents\" could be viewed by “browsers”.</p>\n\t\t\t\n\t\t\t<p>By the end of 1990, Tim Berners-Lee had the first Web server and browser up and running at CERN, demonstrating his ideas. He developed the code for his Web server on a NeXT computer. To prevent it being accidentally switched off, the computer had a hand-written label in red ink: \"This machine is a server. DO NOT POWER IT DOWN!!\"</p>\n\n\t\t\t\n\t\t\t<!-- INSERT YOUR MARKUP BELOW -->\n\t\t\t<p>The three fundamental technologies that remain the foundation of today’s web:</p>\n\n\t\t\t<ul>\n\t\t\t    <li><a href=\"https://en.wikipedia.org/wiki/HTML\">HTML</a></li>\n\t\t\t    <li>URI</li>\n\t\t\t    <li>HTTP</li>\n\t\t\t</ul>\n\t\t\t<p>Read more about <a href=\"https://en.wikipedia.org/wiki/Tim_Berners-Lee\">Tim Berners-Lee </a></p>\n\t\t\t<img src=\"https://tinyurl.com/yxdkbbbj\" alt=\"Tim's original proposal\">\n\t\t\t<img src=\"https://tinyurl.com/yyjstlro\" alt=\"Tim Berners-Lee\">\n\t\t\t<!--\n\t\t\t\t*** Hyperlinks ***\n\t\t\t\t(1) https://en.wikipedia.org/wiki/HTML\n\t\t\t\t(2) https://en.wikipedia.org/wiki/Tim_Berners-Lee\n\t\t\t\t\n\t\t\t\t*** Image sources ***\n\t\t\t\t(1) Tim's original proposal: https://tinyurl.com/yxdkbbbj\n\t\t\t\t(2) Tim Berners-Lee:\t\t https://tinyurl.com/yyjstlro\n\t\t\t\t\n\t\t\t\t*** Text content ***\n\t\t\t\tThe three fundamental technologies that remain the foundation of today’s web:\n\t\t\t\n\t\t\t\tHTML\n\t\t\t\tURI\n\t\t\t\tHTTP\n\t\t\t\n\t\t\t\tRead more about Tim Berners-Lee\n\t\t\t-->\t\t\t\n\t\t</section>\n\t</body>\n</html>"
      }
    },
    "Sp3JZtnPt2G6W7a32": {
      "data": {
        "code": "<!DOCTYPE html>\n<html lang=\"en\">\n\t<head>\n\t\t<meta charset=\"utf-8\">\n\t\t<title>Example</title>\n\t</head>\n\t<body>\n\t\t<section>\n\t\t\t<h1>A short history of the Web</h1>\n\t\t\t<h2>Where the Web was born</h2>\n\t\t\t\n\t\t\t<p>Tim Berners-Lee, a British scientist, invented the World Wide Web (WWW) in 1989, while working at CERN.</p>\t\t\t\n\t\t\t<p>Growing up, Sir Tim was interested in trains and had a model railway in his bedroom. He recalls:</p>\n\t\t\t\n\t\t\t<blockquote>“I made some electronic gadgets to control the trains. Then I ended up getting more interested in electronics than trains. Later on, when I was in college I made a computer out of an old television set.”</blockquote>\n\t\t\t\n\t\t\t<p>The basic idea of the WWW was to merge the evolving technologies of computers, data networks and hypertext into a powerful and easy to use global information system.</p>\n\t\t\t\n\t\t\t\n\t\t\t<h2>How the Web began</h2>\n\t\t\t\n\t\t\t<p>Tim Berners-Lee wrote the first proposal for the World Wide Web in March 1989 and his second proposal in May 1990. This was formalised as a management proposal in November 1990. This outlined the principal concepts and it defined important terms behind the Web. The document described a \"hypertext project\" called \"WorldWideWeb\" in which a \"web\" of \"hypertext documents\" could be viewed by “browsers”.</p>\n\t\t\t\n\t\t\t<p>By the end of 1990, Tim Berners-Lee had the first Web server and browser up and running at CERN, demonstrating his ideas. He developed the code for his Web server on a NeXT computer. To prevent it being accidentally switched off, the computer had a hand-written label in red ink: \"This machine is a server. DO NOT POWER IT DOWN!!\"</p>\n\n\t\t\t<!-- INSERT YOUR MARKUP BELOW -->\n\n\t\t\t\n\n\t\t\t<p>\tThe three fundamental technologies that remain the foundation of today’s web: </p>\n\t\t\t\n\t\t\t    <ul>\n\t\t\t        <li><a href=\"https://en.wikipedia.org/wiki/HTML\">HTML</a></li>\n\t\t\t        <li>URI</li>\n\t\t\t        <li>HTTP</li>\n\t\t\t    </ul>\n\t\t\t\t\n\t\t\t\n\t\t\t\n\t\t\t\t<p>Read more about <a href=\"https://en.wikipedia.org/wiki/Tim_Berners-Lee\">Tim Berners-Lee</a></p>\n\t\t        \n\t\t        <img src=\"https://tinyurl.com/yxdkbbbj\" alt=\"Tim's original proposal\">\n\t\t        <img src=\"https://tinyurl.com/yyjstlro\" alt=\"Tim Berners-Lee\">\n\n\t\t\n\t\t</section>\n\t</body>\n</html>"
      }
    },
    "Ystaypp7AmJ4wYvsM": {
      "data": {
        "code": "<!DOCTYPE html>\n<html lang=\"en\">\n\t<head>\n\t\t<meta charset=\"utf-8\">\n\t\t<title>Example</title>\n\t</head>\n\t<body>\n\t\t<section>\n\t\t\t<h1>A short history of the Web</h1>\n\t\t\t<h2>Where the Web was born</h2>\n\t\t\t\n\t\t\t<p>Tim Berners-Lee, a British scientist, invented the World Wide Web (WWW) in 1989, while working at CERN.</p>\t\t\t\n\t\t\t<p>Growing up, Sir Tim was interested in trains and had a model railway in his bedroom. He recalls:</p>\n\t\t\t\n\t\t\t<blockquote>“I made some electronic gadgets to control the trains. Then I ended up getting more interested in electronics than trains. Later on, when I was in college I made a computer out of an old television set.”</blockquote>\n\t\t\t\n\t\t\t<p>The basic idea of the WWW was to merge the evolving technologies of computers, data networks and hypertext into a powerful and easy to use global information system.</p>\n\t\t\t\n\t\t\t\n\t\t\t<h2>How the Web began</h2>\n\t\t\t\n\t\t\t<p>Tim Berners-Lee wrote the first proposal for the World Wide Web in March 1989 and his second proposal in May 1990. This was formalised as a management proposal in November 1990. This outlined the principal concepts and it defined important terms behind the Web. The document described a \"hypertext project\" called \"WorldWideWeb\" in which a \"web\" of \"hypertext documents\" could be viewed by “browsers”.</p>\n\t\t\t\n\t\t\t<p>By the end of 1990, Tim Berners-Lee had the first Web server and browser up and running at CERN, demonstrating his ideas. He developed the code for his Web server on a NeXT computer. To prevent it being accidentally switched off, the computer had a hand-written label in red ink: \"This machine is a server. DO NOT POWER IT DOWN!!\"</p>\n\n\n            <ul>\n                <li><a href=\"https://en.wikipedia.org/wiki/HTML\">HTML</a></li>\n                <li><a href=\"https://en.wikipedia.org/wiki/Tim_Berners-Lee\">URI</li>\n                <li>HTTP</li>\n            </ul>\n            \n            \n            <img src=\"https://tinyurl.com/yxdkbbbj\" alt=\"Fuck off\">\n            <img src=\"https://external-content.duckduckgo.com/iu/?u=https%3A%2F%2Fcdn.drawception.com%2Fimages%2Fpanels%2F2012%2F4-4%2FbjZt9wRzsH-10.png&f=1&nofb=1\" alt=\"lol\">\n\t\t\t<!-- INSERT YOUR MARKUP BELOW -->\n\n\t\t\t\n\t\t\t<!--\n\t\t\t\t*** Hyperlinks ***\n\t\t\t\t(1) https://en.wikipedia.org/wiki/HTML\n\t\t\t\t(2) https://en.wikipedia.org/wiki/Tim_Berners-Lee\n\t\t\t\t\n\t\t\t\t*** Image sources ***\n\t\t\t\t(1) Tim's original proposal: https://tinyurl.com/yxdkbbbj\n\t\t\t\t(2) Tim Berners-Lee:\t\t https://tinyurl.com/yyjstlro\n\t\t\t\t\n\t\t\t\t*** Text content ***\n\t\t\t\tThe three fundamental technologies that remain the foundation of today’s web:\n\t\t\t\n\t\t\t\tHTML\n\t\t\t\tURI\n\t\t\t\tHTTP\n\t\t\t\n\t\t\t\tRead more about Tim Berners-Lee\n\t\t\t-->\t\t\t\n\t\t</section>\n\t</body>\n</html>"
      }
    },
    "YvCdYm3zReNZzrtNs": {
      "data": {
        "code": "<!DOCTYPE html>\n<html lang=\"en\">\n\t<head>\n\t\t<meta charset=\"utf-8\">\n\t\t<title>Example</title>\n\t</head>\n\t<body>\n\t\t<section>\n\t\t\t<h1>A short history of the Web</h1>\n\t\t\t<h2>Where the Web was born</h2>\n\t\t\t\n\t\t\t<p>Tim Berners-Lee, a British scientist, invented the World Wide Web (WWW) in 1989, while working at CERN.</p>\t\t\t\n\t\t\t<p>Growing up, Sir Tim was interested in trains and had a model railway in his bedroom. He recalls:</p>\n\t\t\t\n\t\t\t<blockquote>“I made some electronic gadgets to control the trains. Then I ended up getting more interested in electronics than trains. Later on, when I was in college I made a computer out of an old television set.”</blockquote>\n\t\t\t\n\t\t\t<p>The basic idea of the WWW was to merge the evolving technologies of computers, data networks and hypertext into a powerful and easy to use global information system.</p>\n\t\t\t\n\t\t\t\n\t\t\t<h2>How the Web began</h2>\n\t\t\t\n\t\t\t<p>Tim Berners-Lee wrote the first proposal for the World Wide Web in March 1989 and his second proposal in May 1990. This was formalised as a management proposal in November 1990. This outlined the principal concepts and it defined important terms behind the Web. The document described a \"hypertext project\" called \"WorldWideWeb\" in which a \"web\" of \"hypertext documents\" could be viewed by “browsers”.</p>\n\t\t\t\n\t\t\t<p>By the end of 1990, Tim Berners-Lee had the first Web server and browser up and running at CERN, demonstrating his ideas. He developed the code for his Web server on a NeXT computer. To prevent it being accidentally switched off, the computer had a hand-written label in red ink: \"This machine is a server. DO NOT POWER IT DOWN!!\"</p>\n            \n            <p>\n                The three fundamental technologies that remain the foundation of today’s web:\n            </p>\n            <ul>\n                <li><a href=\"https://en.wikipedia.org/wiki/HTML\">HTML</a></li>\n                <li>URI</li>\n                <li>HTTP</li>\n            </ul>\n            <p>Read more about <a href=\"https://en.wikipedia.org/wiki/Tim_Berners-Lee\">Tim Berners-Lee</a></p>\n\t\t\t\n\t\t\t<!-- INSERT YOUR MARKUP BELOW -->\n\n\t\t\t\n\t\t\t<!--\n\t\t\t\t*** Hyperlinks ***\n\t\t\t\t(1) https://en.wikipedia.org/wiki/HTML\n\t\t\t\t(2) https://en.wikipedia.org/wiki/Tim_Berners-Lee\n\t\t\t\t\n\t\t\t\t*** Image sources ***\n\t\t\t\t(1) Tim's original proposal: https://tinyurl.com/yxdkbbbj\n\t\t\t\t(2) Tim Berners-Lee:\t\t https://tinyurl.com/yyjstlro\n\t\t\t\t\n\t\t\t\t*** Text content ***\n\t\t\t\tThe three fundamental technologies that remain the foundation of today’s web:\n\t\t\t\n\t\t\t\tHTML\n\t\t\t\tURI\n\t\t\t\tHTTP\n\t\t\t\n\t\t\t\tRead more about Tim Berners-Lee\n\t\t\t-->\t\t\t\n\t\t</section>\n\t</body>\n</html>"
      }
    },
    "bFNGRyeEysDF8YCYG": {
      "data": {
        "code": "<!DOCTYPE html>\n<html lang=\"en\">\n\t<head>\n\t\t<meta charset=\"utf-8\">\n\t\t<title>Example</title>\n\t</head>\n\t<body>\n\t\t<section>\n\t\t\t<h1>A short history of the Web</h1>\n\t\t\t<h2>Where the Web was born</h2>\n\t\t\t\n\t\t\t<p>Tim Berners-Lee, a British scientist, invented the World Wide Web (WWW) in 1989, while working at CERN.</p>\t\t\t\n\t\t\t<p>Growing up, Sir Tim was interested in trains and had a model railway in his bedroom. He recalls:</p>\n\t\t\t\n\t\t\t<blockquote>“I made some electronic gadgets to control the trains. Then I ended up getting more interested in electronics than trains. Later on, when I was in college I made a computer out of an old television set.”</blockquote>\n\t\t\t\n\t\t\t<p>The basic idea of the WWW was to merge the evolving technologies of computers, data networks and hypertext into a powerful and easy to use global information system.</p>\n\t\t\t\n\t\t\t\n\t\t\t<h2>How the Web began</h2>\n\t\t\t\n\t\t\t<p>Tim Berners-Lee wrote the first proposal for the World Wide Web in March 1989 and his second proposal in May 1990. This was formalised as a management proposal in November 1990. This outlined the principal concepts and it defined important terms behind the Web. The document described a \"hypertext project\" called \"WorldWideWeb\" in which a \"web\" of \"hypertext documents\" could be viewed by “browsers”.</p>\n\t\t\t\n\t\t\t<p>By the end of 1990, Tim Berners-Lee had the first Web server and browser up and running at CERN, demonstrating his ideas. He developed the code for his Web server on a NeXT computer. To prevent it being accidentally switched off, the computer had a hand-written label in red ink: \"This machine is a server. DO NOT POWER IT DOWN!!\"</p>\n            <br>\n            The three fundamental technologies that the remain the foundation of today's web :\n            <ul>\n                <li><a href=\"https://en.wikipedia.org/wiki/HTML\">HTML</a></li>\n                <li>URI</li>\n                <li>HTTP</li>\n            </ul>\n            Read more about <a href=\"https://en.wikipedia.org/wiki/Tim_Berners-Lee\">Tim Berners-Lee</a>\n\t\t\t\n\t\t\t<!-- INSERT YOUR MARKUP BELOW -->\n\n\t\t\t\n\t\t\t<!--\n\t\t\t\t*** Hyperlinks ***\n\t\t\t\t(1) https://en.wikipedia.org/wiki/HTML\n\t\t\t\t(2) https://en.wikipedia.org/wiki/Tim_Berners-Lee\n\t\t\t\t\n\t\t\t\t*** Image sources ***\n\t\t\t\t(1) Tim's original proposal: https://tinyurl.com/yxdkbbbj\n\t\t\t\t(2) Tim Berners-Lee:\t\t https://tinyurl.com/yyjstlro\n\t\t\t\t\n\t\t\t\t*** Text content ***\n\t\t\t\tThe three fundamental technologies that remain the foundation of today’s web:\n\t\t\t\n\t\t\t\tHTML\n\t\t\t\tURI\n\t\t\t\tHTTP\n\t\t\t\n\t\t\t\tRead more about Tim Berners-Lee\n\t\t\t-->\t\t\t\n\t\t</section>\n\t</body>\n</html>"
      }
    },
    "g5QS8GZ6gaFThnu94": {
      "data": {
        "code": "<!DOCTYPE html>\n<html lang=\"en\">\n\t<head>\n\t\t<meta charset=\"utf-8\">\n\t\t<title>Example</title>\n\t</head>\n\t<body>\n\t\t<section>\n\t\t\t<h1>A short history of the Web</h1>\n\t\t\t<h2>Where the Web was born</h2>\n\t\t\t\n\t\t\t<p>Tim Berners-Lee, a British scientist, invented the World Wide Web (WWW) in 1989, while working at CERN.</p>\t\t\t\n\t\t\t<p>Growing up, Sir Tim was interested in trains and had a model railway in his bedroom. He recalls:</p>\n\t\t\t\n\t\t\t<blockquote>“I made some electronic gadgets to control the trains. Then I ended up getting more interested in electronics than trains. Later on, when I was in college I made a computer out of an old television set.”</blockquote>\n\t\t\t\n\t\t\t<p>The basic idea of the WWW was to merge the evolving technologies of computers, data networks and hypertext into a powerful and easy to use global information system.</p>\n\t\t\t\n\t\t\t\n\t\t\t<h2>How the Web began</h2>\n\t\t\t\n\t\t\t<p>Tim Berners-Lee wrote the first proposal for the World Wide Web in March 1989 and his second proposal in May 1990. This was formalised as a management proposal in November 1990. This outlined the principal concepts and it defined important terms behind the Web. The document described a \"hypertext project\" called \"WorldWideWeb\" in which a \"web\" of \"hypertext documents\" could be viewed by “browsers”.</p>\n\t\t\t\n\t\t\t<p>By the end of 1990, Tim Berners-Lee had the first Web server and browser up and running at CERN, demonstrating his ideas. He developed the code for his Web server on a NeXT computer. To prevent it being accidentally switched off, the computer had a hand-written label in red ink: \"This machine is a server. DO NOT POWER IT DOWN!!\"</p>\n\n\t\t\t<!-- INSERT YOUR MARKUP BELOW -->\n\n\t\t\t\n\t\t\t<!--\n\t\t\t\t*** Hyperlinks ***\n\t\t\t\t(1) https://en.wikipedia.org/wiki/HTML\n\t\t\t\t(2) https://en.wikipedia.org/wiki/Tim_Berners-Lee\n\t\t\t\t\n\t\t\t\t*** Image sources ***\n\t\t\t\t(1) Tim's original proposal: https://tinyurl.com/yxdkbbbj\n\t\t\t\t(2) Tim Berners-Lee:\t\t https://tinyurl.com/yyjstlro\n\t\t\t\t\n\t\t\t\t*** Text content ***\n\t\t\t\tThe three fundamental technologies that remain the foundation of today’s web:\n\t\t\t\n\t\t\t\tHTML\n\t\t\t\tURI\n\t\t\t\tHTTP\n\t\t\t\n\t\t\t\tRead more about Tim Berners-Lee\n\t\t\t-->\t\t\t\n\t\t</section>\n\t</body>\n</html>"
      }
    },
    "hjfHvYz88HrEAiHw7": {
      "data": {
        "code": "<!DOCTYPE html>\n<html lang=\"en\">\n\t<head>\n\t\t<meta charset=\"utf-8\">\n\t\t<title>Example</title>\n\t</head>\n\t<body>\n\t\t<section>\n\t\t\t<h1>A short history of the Web</h1>\n\t\t\t<h2>Where the Web was born</h2>\n\t\t\t\n\t\t\t<p>Tim Berners-Lee, a British scientist, invented the World Wide Web (WWW) in 1989, while working at CERN.</p>\t\t\t\n\t\t\t<p>Growing up, Sir Tim was interested in trains and had a model railway in his bedroom. He recalls:</p>\n\t\t\t\n\t\t\t<blockquote>“I made some electronic gadgets to control the trains. Then I ended up getting more interested in electronics than trains. Later on, when I was in college I made a computer out of an old television set.”</blockquote>\n\t\t\t\n\t\t\t<p>The basic idea of the WWW was to merge the evolving technologies of computers, data networks and hypertext into a powerful and easy to use global information system.</p>\n\t\t\t\n\t\t\t\n\t\t\t<h2>How the Web began</h2>\n\t\t\t\n\t\t\t<p>Tim Berners-Lee wrote the first proposal for the World Wide Web in March 1989 and his second proposal in May 1990. This was formalised as a management proposal in November 1990. This outlined the principal concepts and it defined important terms behind the Web. The document described a \"hypertext project\" called \"WorldWideWeb\" in which a \"web\" of \"hypertext documents\" could be viewed by “browsers”.</p>\n\t\t\t\n\t\t\t<p>By the end of 1990, Tim Berners-Lee had the first Web server and browser up and running at CERN, demonstrating his ideas. He developed the code for his Web server on a NeXT computer. To prevent it being accidentally switched off, the computer had a hand-written label in red ink: \"This machine is a server. DO NOT POWER IT DOWN!!\"</p>\n\n\t\t\t<!-- INSERT YOUR MARKUP BELOW -->\n\t\t\t<p>\n\t\t\t\tThe three fundamental technologies that remain the foundation of today’s web:\n\t\t\t</p>\n\t\t\t<ul>\n\t\t\t    <li>\n\t\t\t        <a href = https://en.wikipedia.org/wiki/HTML> HTML</a>\n\t\t\t    </li>\n\t\t\t    <li>\n\t\t\t        UML\n\t\t\t \n\n\t\t\t    </li>\n\t\t\t    <li>\n\t\t\t        HTTP\n\t\t\t    </li>\n\t\t\t</ul>\n\t\t\t <a href = https://en.wikipedia.org/wiki/Tim_Berners-Lee> Read more about Tim Berners-Lee</a>\n\t\t\t \n\t\t\t < src = https://tinyurl.com/yxdkbbbj> \n\t\t\t<!--\n\t\t\t\t*** Hyperlinks ***\n\t\t\t\t(1) https://en.wikipedia.org/wiki/HTML\n\t\t\t\t(2) https://en.wikipedia.org/wiki/Tim_Berners-Lee\n\t\t\t\t\n\t\t\t\t*** Image sources ***\n\t\t\t\t(1) Tim's original proposal: https://tinyurl.com/yxdkbbbj\n\t\t\t\t(2) Tim Berners-Lee:\t\t https://tinyurl.com/yyjstlro\n\t\t\t\t\n\t\t\t\t*** Text content ***\n\t\t\t\tThe three fundamental technologies that remain the foundation of today’s web:\n\t\t\t\n\t\t\t\tHTML\n\t\t\t\tURI\n\t\t\t\tHTTP\n\t\t\t\n\t\t\t\tRead more about Tim Berners-Lee\n\t\t\t-->\t\t\t\n\t\t</section>\n\t</body>\n</html>"
      }
    },
    "iCcqC5LHLXf5Ja3jK": {
      "data": {
        "code": "<!DOCTYPE html>\n<html lang=\"en\">\n\t<head>\n\t\t<meta charset=\"utf-8\">\n\t\t<title>Example</title>\n\t</head>\n\t<body>\n\t\t<section>\n\t\t\t<h1>A short history of the Web</h1>\n\t\t\t<h2>Where the Web was born</h2>\n\t\t\t\n\t\t\t<p>Tim Berners-Lee, a British scientist, invented the World Wide Web (WWW) in 1989, while working at CERN.</p>\t\t\t\n\t\t\t<p>Growing up, Sir Tim was interested in trains and had a model railway in his bedroom. He recalls:</p>\n\t\t\t\n\t\t\t<blockquote>“I made some electronic gadgets to control the trains. Then I ended up getting more interested in electronics than trains. Later on, when I was in college I made a computer out of an old television set.”</blockquote>\n\t\t\t\n\t\t\t<p>The basic idea of the WWW was to merge the evolving technologies of computers, data networks and hypertext into a powerful and easy to use global information system.</p>\n\t\t\t\n\t\t\t\n\t\t\t<h2>How the Web began</h2>\n\t\t\t\n\t\t\t<p>Tim Berners-Lee wrote the first proposal for the World Wide Web in March 1989 and his second proposal in May 1990. This was formalised as a management proposal in November 1990. This outlined the principal concepts and it defined important terms behind the Web. The document described a \"hypertext project\" called \"WorldWideWeb\" in which a \"web\" of \"hypertext documents\" could be viewed by “browsers”.</p>\n\t\t\t\n\t\t\t<p>By the end of 1990, Tim Berners-Lee had the first Web server and browser up and running at CERN, demonstrating his ideas. He developed the code for his Web server on a NeXT computer. To prevent it being accidentally switched off, the computer had a hand-written label in red ink: \"This machine is a server. DO NOT POWER IT DOWN!!\"</p>\n\n\t\t\t<!-- INSERT YOUR MARKUP BELOW -->\n\n\t\t\t<a href=https://en.wikipedia.org/wiki/HTML</a>\n\t\t\t<a href=https://en.wikipedia.org/wiki/Tim_Berners-Lee</a>\n\t\t\t\t\n\t\t\t\t*** Image sources ***\n\t\t\t\t(1) Tim's original proposal: https://tinyurl.com/yxdkbbbj\n\t\t\t\t(2) Tim Berners-Lee:\t\t https://tinyurl.com/yyjstlro\n\t\t\t\t\n\t\t\t\t*** Text content ***\n\t\t\t\tThe three fundamental technologies that remain the foundation of today’s web:\n\t\t\t\n\t\t\t\tHTML\n\t\t\t\tURI\n\t\t\t\tHTTP\n\t\t\t\n\t\t\t\tRead more about Tim Berners-Lee\n\t\t</section>\n\t</body>\n</html>"
      }
    },
    "k2oxfxXXwQszGYgbX": {
      "data": {
        "code": "<!DOCTYPE html>\n<html lang=\"en\">\n\t<head>\n\t\t<meta charset=\"utf-8\">\n\t\t<title>Example</title>\n\t</head>\n\t<body>\n\t\t<section>\n\t\t\t<h1>A short history of the Web</h1>\n\t\t\t<h2>Where the Web was born</h2>\n\t\t\t\n\t\t\t<p>Tim Berners-Lee, a British scientist, invented the World Wide Web (WWW) in 1989, while working at CERN.</p>\t\t\t\n\t\t\t<p>Growing up, Sir Tim was interested in trains and had a model railway in his bedroom. He recalls:</p>\n\t\t\t\n\t\t\t<blockquote>“I made some electronic gadgets to control the trains. Then I ended up getting more interested in electronics than trains. Later on, when I was in college I made a computer out of an old television set.”</blockquote>\n\t\t\t\n\t\t\t<p>The basic idea of the WWW was to merge the evolving technologies of computers, data networks and hypertext into a powerful and easy to use global information system.</p>\n\t\t\t\n\t\t\t\n\t\t\t<h2>How the Web began</h2>\n\t\t\t\n\t\t\t<p>Tim Berners-Lee wrote the first proposal for the World Wide Web in March 1989 and his second proposal in May 1990. This was formalised as a management proposal in November 1990. This outlined the principal concepts and it defined important terms behind the Web. The document described a \"hypertext project\" called \"WorldWideWeb\" in which a \"web\" of \"hypertext documents\" could be viewed by “browsers”.</p>\n\t\t\t\n\t\t\t<p>By the end of 1990, Tim Berners-Lee had the first Web server and browser up and running at CERN, demonstrating his ideas. He developed the code for his Web server on a NeXT computer. To prevent it being accidentally switched off, the computer had a hand-written label in red ink: \"This machine is a server. DO NOT POWER IT DOWN!!\"</p>\n\n\t\t\t\t\n\t\t\t\t*** Image sources ***\n\t\t\t\t(1) Tim's original proposal: https://tinyurl.com/yxdkbbbj\n\t\t\t\t(2) Tim Berners-Lee:\t\t https://tinyurl.com/yyjstlro\n\t\t\t\t\n\t\t\t\t<p>The three fundamental technologies that remain the foundation of today’s web:</p>\n\t\t\t\n\t\t\t\t<ul><li><a href=\"https://en.wikipedia.org/wiki/HTML\">HTML</a></li>\n\t\t\t\t    <li>URI</li><li>HTTP</li></ul>\n\t\t\t\n\t\t\t\t<a href=\"https://en.wikipedia.org/wiki/Tim_Berners-Lee\">Read more about Tim Berners-Lee<a/>\n\t\t\t\t<img>\n\t\t\t\t\n\t\t</section>\n\t</body>\n</html>"
      }
    },
    "o5DALaM8AFwY6H4tE": {
      "data": {
        "code": "<!DOCTYPE html>\n<html lang=\"en\">\n\t<head>\n\t\t<meta charset=\"utf-8\">\n\t\t<title>Example</title>\n\t</head>\n\t<body>\n\t\t<section>\n\t\t\t<h1>A short history of the Web</h1>\n\t\t\t<h2>Where the Web was born</h2>\n\t\t\t\n\t\t\t<p>Tim Berners-Lee, a British scientist, invented the World Wide Web (WWW) in 1989, while working at CERN.</p>\t\t\t\n\t\t\t<p>Growing up, Sir Tim was interested in trains and had a model railway in his bedroom. He recalls:</p>\n\t\t\t\n\t\t\t<blockquote>“I made some electronic gadgets to control the trains. Then I ended up getting more interested in electronics than trains. Later on, when I was in college I made a computer out of an old television set.”</blockquote>\n\t\t\t\n\t\t\t<p>The basic idea of the WWW was to merge the evolving technologies of computers, data networks and hypertext into a powerful and easy to use global information system.</p>\n\t\t\t\n\t\t\t\n\t\t\t<h2>How the Web began</h2>\n\t\t\t\n\t\t\t<p>Tim Berners-Lee wrote the first proposal for the World Wide Web in March 1989 and his second proposal in May 1990. This was formalised as a management proposal in November 1990. This outlined the principal concepts and it defined important terms behind the Web. The document described a \"hypertext project\" called \"WorldWideWeb\" in which a \"web\" of \"hypertext documents\" could be viewed by “browsers”.</p>\n\t\t\t\n\t\t\t<p>By the end of 1990, Tim Berners-Lee had the first Web server and browser up and running at CERN, demonstrating his ideas. He developed the code for his Web server on a NeXT computer. To prevent it being accidentally switched off, the computer had a hand-written label in red ink: \"This machine is a server. DO NOT POWER IT DOWN!!\"</p>\n\n\t\t\t<!-- INSERT YOUR MARKUP BELOW -->\n            <ul>\n                <li><a>https://en.wikipedia.org/wiki/HTML</a></li>\n                <li>https://en.wikipedia.org/wiki/Tim_Berners-Lee</li>\n            </ul>\n            \n            <img source=\"https://tinyurl.com/yxdkbbbj\" alt=\"Tim's original proposal\">\n            <img source=\"https://tinyurl.com/yyjstlro\" alt=\"Tim Berners-lee\">\n\t\t\t\n\t\t\t<!--\n\t\t\t\t*** Hyperlinks ***\n\t\t\t\t(1) https://en.wikipedia.org/wiki/HTML\n\t\t\t\t(2) https://en.wikipedia.org/wiki/Tim_Berners-Lee\n\t\t\t\t\n\t\t\t\t*** Image sources ***\n\t\t\t\t(1) Tim's original proposal: https://tinyurl.com/yxdkbbbj\n\t\t\t\t(2) Tim Berners-Lee:\t\t https://tinyurl.com/yyjstlro\n\t\t\t\t\n\t\t\t\t*** Text content ***\n\t\t\t\tThe three fundamental technologies that remain the foundation of today’s web:\n\t\t\t\n\t\t\t\tHTML\n\t\t\t\tURI\n\t\t\t\tHTTP\n\t\t\t\n\t\t\t\tRead more about Tim Berners-Lee\n\t\t\t-->\t\t\t\n\t\t</section>\n\t</body>\n</html>"
      }
    },
    "w47e4oqeyEuQFBYaD": {
      "data": {
        "code": "<!DOCTYPE html>\n<html lang=\"en\">\n\t<head>\n\t\t<meta charset=\"utf-8\">\n\t\t<title>Example</title>\n\t</head>\n\t<body>\n\t\t<section>\n\t\t\t<h1>A short history of the Web</h1>\n\t\t\t<h2>Where the Web was born</h2>\n\t\t\t\n\t\t\t<p>Tim Berners-Lee, a British scientist, invented the World Wide Web (WWW) in 1989, while working at CERN.</p>\t\t\t\n\t\t\t<p>Growing up, Sir Tim was interested in trains and had a model railway in his bedroom. He recalls:</p>\n\t\t\t\n\t\t\t<blockquote>“I made some electronic gadgets to control the trains. Then I ended up getting more interested in electronics than trains. Later on, when I was in college I made a computer out of an old television set.”</blockquote>\n\t\t\t\n\t\t\t<p>The basic idea of the WWW was to merge the evolving technologies of computers, data networks and hypertext into a powerful and easy to use global information system.</p>\n\t\t\t\n\t\t\t\n\t\t\t<h2>How the Web began</h2>\n\t\t\t\n\t\t\t<p>Tim Berners-Lee wrote the first proposal for the World Wide Web in March 1989 and his second proposal in May 1990. This was formalised as a management proposal in November 1990. This outlined the principal concepts and it defined important terms behind the Web. The document described a \"hypertext project\" called \"WorldWideWeb\" in which a \"web\" of \"hypertext documents\" could be viewed by “browsers”.</p>\n\t\t\t\n\t\t\t<p>By the end of 1990, Tim Berners-Lee had the first Web server and browser up and running at CERN, demonstrating his ideas. He developed the code for his Web server on a NeXT computer. To prevent it being accidentally switched off, the computer had a hand-written label in red ink: \"This machine is a server. DO NOT POWER IT DOWN!!\"</p>\n\n\t\t\t<!-- INSERT YOUR MARKUP BELOW -->\n\n\t\t\t\n\t\t\t<!--\n\t\t\t\t*** Hyperlinks ***\n\t\t\t\t(1) https://en.wikipedia.org/wiki/HTML\n\t\t\t\t(2) https://en.wikipedia.org/wiki/Tim_Berners-Lee\n\t\t\t\t\n\t\t\t\t*** Image sources ***\n\t\t\t\t(1) Tim's original proposal: https://tinyurl.com/yxdkbbbj\n\t\t\t\t(2) Tim Berners-Lee:\t\t https://tinyurl.com/yyjstlro\n\t\t\t\t\n\t\t\t\t*** Text content ***\n\t\t\t\tThe three fundamental technologies that remain the foundation of today’s web:\n\t\t\t\n\t\t\t\tHTML\n\t\t\t\tURI\n\t\t\t\tHTTP\n\t\t\t\n\t\t\t\tRead more about Tim Berners-Lee\n\t\t\t-->\t\t\t\n\t\t</section>\n\t</body>\n</html>"
      }
    },
    "xGGhgoi8Lr67HZvga": {
      "data": {
        "code": "<!DOCTYPE html>\n<html lang=\"en\">\n\t<head>\n\t\t<meta charset=\"utf-8\">\n\t\t<title>Example</title>\n\t</head>\n\t<body>\n\t\t<section>\n\t\t\t<h1>A short history of the Web</h1>\n\t\t\t<h2>Where the Web was born</h2>\n\t\t\t\n\t\t\t<p>Tim Berners-Lee, a British scientist, invented the World Wide Web (WWW) in 1989, while working at CERN.</p>\t\t\t\n\t\t\t<p>Growing up, Sir Tim was interested in trains and had a model railway in his bedroom. He recalls:</p>\n\t\t\t\n\t\t\t<blockquote>“I made some electronic gadgets to control the trains. Then I ended up getting more interested in electronics than trains. Later on, when I was in college I made a computer out of an old television set.”</blockquote>\n\t\t\t\n\t\t\t<p>The basic idea of the WWW was to merge the evolving technologies of computers, data networks and hypertext into a powerful and easy to use global information system.</p>\n\t\t\t\n\t\t\t\n\t\t\t<h2>How the Web began</h2>\n\t\t\t\n\t\t\t<p>Tim Berners-Lee wrote the first proposal for the World Wide Web in March 1989 and his second proposal in May 1990. This was formalised as a management proposal in November 1990. This outlined the principal concepts and it defined important terms behind the Web. The document described a \"hypertext project\" called \"WorldWideWeb\" in which a \"web\" of \"hypertext documents\" could be viewed by “browsers”.</p>\n\t\t\t\n\t\t\t<p>By the end of 1990, Tim Berners-Lee had the first Web server and browser up and running at CERN, demonstrating his ideas. He developed the code for his Web server on a NeXT computer. To prevent it being accidentally switched off, the computer had a hand-written label in red ink: \"This machine is a server. DO NOT POWER IT DOWN!!\"</p>\n\n            <ur>\n                <li>\n                HTML href = https://en.wikipedia.org/wiki/HTML </a>\n                </li>\n                <ur>\n\t\t\t<!-- INSERT YOUR MARKUP BELOW -->\n\n\t\t\t\n\t\t\t<!--\n\t\t\t\t*** Hyperlinks ***\n\t\t\t\t(1) https://en.wikipedia.org/wiki/HTML\n\t\t\t\t(2) https://en.wikipedia.org/wiki/Tim_Berners-Lee\n\t\t\t\t\n\t\t\t\t*** Image sources ***\n\t\t\t\t(1) Tim's original proposal: https://tinyurl.com/yxdkbbbj\n\t\t\t\t(2) Tim Berners-Lee:\t\t https://tinyurl.com/yyjstlro\n\t\t\t\t\n\t\t\t\t*** Text content ***\n\t\t\t\tThe three fundamental technologies that remain the foundation of today’s web:\n\t\t\t\n\t\t\t\tHTML\n\t\t\t\tURI\n\t\t\t\tHTTP\n\t\t\t\n\t\t\t\tRead more about Tim Berners-Lee\n\t\t\t-->\t\t\t\n\t\t</section>\n\t</body>\n</html>"
      }
    },
    "znza2WvWyiBTfdzab": {
      "data": {
        "code": "<!DOCTYPE html>\n<html lang=\"en\">\n\t<head>\n\t\t<meta charset=\"utf-8\">\n\t\t<title>Example</title>\n\t</head>\n\t<body>\n\t\t<section>\n\t\t\t<h1>A short history of the Web</h1>\n\t\t\t<h2>Where the Web was born</h2>\n\t\t\t\n\t\t\t<p>Tim Berners-Lee, a British scientist, invented the World Wide Web (WWW) in 1989, while working at CERN.</p>\t\t\t\n\t\t\t<p>Growing up, Sir Tim was interested in trains and had a model railway in his bedroom. He recalls:</p>\n\t\t\t\n\t\t\t<blockquote>“I made some electronic gadgets to control the trains. Then I ended up getting more interested in electronics than trains. Later on, when I was in college I made a computer out of an old television set.”</blockquote>\n\t\t\t\n\t\t\t<p>The basic idea of the WWW was to merge the evolving technologies of computers, data networks and hypertext into a powerful and easy to use global information system.</p>\n\t\t\t\n\t\t\t\n\t\t\t<h2>How the Web began</h2>\n\t\t\t\n\t\t\t<p>Tim Berners-Lee wrote the first proposal for the World Wide Web in March 1989 and his second proposal in May 1990. This was formalised as a management proposal in November 1990. This outlined the principal concepts and it defined important terms behind the Web. The document described a \"hypertext project\" called \"WorldWideWeb\" in which a \"web\" of \"hypertext documents\" could be viewed by “browsers”.</p>\n\t\t\t\n\t\t\t<p>By the end of 1990, Tim Berners-Lee had the first Web server and browser up and running at CERN, demonstrating his ideas. He developed the code for his Web server on a NeXT computer. To prevent it being accidentally switched off, the computer had a hand-written label in red ink: \"This machine is a server. DO NOT POWER IT DOWN!!\"</p>\n\t\t\t<p>The three fundamental technologies that remain the foundation of today’s web:</p>\n\t\t\t<ul>\n\t\t\t    <li><a href=\"https://en.wikipedia.org/wiki/HTML\">HTML</a></li>\n\t\t\t    <li>URI</li>\n\t\t\t    <li>HTTP</li>\n\t\t\t</ul>\n\t\t\t<p>Read more about <a href=\"https://en.wikipedia.org/wiki/Tim_Berners-Lee\">Tim Berners-Lee</a></p>\n\t\t\t<img src=\"https://tinyurl.com/yxdkbbbj\" alt=\"Tim's original proposal\">\n\t\t\t<img src=\"https://tinyurl.com/yyjstlro\" alt=\"Tim Berners-Lee\">\n\t\t\t\n\n\t\t\t<!-- INSERT YOUR MARKUP BELOW -->\n\n\t\t\t\n\t\t\t<!--\n\t\t\t\t*** Hyperlinks ***\n\t\t\t\t(1) https://en.wikipedia.org/wiki/HTML\n\t\t\t\t(2) https://en.wikipedia.org/wiki/Tim_Berners-Lee\n\t\t\t\t\n\t\t\t\t*** Image sources ***\n\t\t\t\t(1) Tim's original proposal: https://tinyurl.com/yxdkbbbj\n\t\t\t\t(2) Tim Berners-Lee:\t\t https://tinyurl.com/yyjstlro\n\t\t\t\t\n\t\t\t\t*** Text content ***\n\t\t\t\tThe three fundamental technologies that remain the foundation of today’s web:\n\t\t\t\n\t\t\t\tHTML\n\t\t\t\tURI\n\t\t\t\tHTTP\n\t\t\t\n\t\t\t\tRead more about Tim Berners-Lee\n\t\t\t-->\t\t\t\n\t\t</section>\n\t</body>\n</html>"
      }
    },
    "zziBcRA4iFysNPizw": {
      "data": {
        "code": "<!DOCTYPE html>\n<html lang=\"en\">\n\t<head>\n\t\t<meta charset=\"utf-8\">\n\t\t<title>Example</title>\n\t</head>\n\t<body>\n\t\t<section>\n\t\t\t<h1>A short history of the Web</h1>\n\t\t\t<h2>Where the Web was born</h2>\n\t\t\t\n\t\t\t<p>Tim Berners-Lee, a British scientist, invented the World Wide Web (WWW) in 1989, while working at CERN.</p>\t\t\t\n\t\t\t<p>Growing up, Sir Tim was interested in trains and had a model railway in his bedroom. He recalls:</p>\n\t\t\t\n\t\t\t<blockquote>“I made some electronic gadgets to control the trains. Then I ended up getting more interested in electronics than trains. Later on, when I was in college I made a computer out of an old television set.”</blockquote>\n\t\t\t\n\t\t\t<p>The basic idea of the WWW was to merge the evolving technologies of computers, data networks and hypertext into a powerful and easy to use global information system.</p>\n\t\t\t\n\t\t\t\n\t\t\t<h2>How the Web began</h2>\n\t\t\t\n\t\t\t<p>Tim Berners-Lee wrote the first proposal for the World Wide Web in March 1989 and his second proposal in May 1990. This was formalised as a management proposal in November 1990. This outlined the principal concepts and it defined important terms behind the Web. The document described a \"hypertext project\" called \"WorldWideWeb\" in which a \"web\" of \"hypertext documents\" could be viewed by “browsers”.</p>\n\t\t\t\n\t\t\t<p>By the end of 1990, Tim Berners-Lee had the first Web server and browser up and running at CERN, demonstrating his ideas. He developed the code for his Web server on a NeXT computer. To prevent it being accidentally switched off, the computer had a hand-written label in red ink: \"This machine is a server. DO NOT POWER IT DOWN!!\"</p>\n\n\t\t\t<!-- INSERT YOUR MARKUP BELOW -->\n\n\t\t\t<p>The three fundamental technologies that remain the foundation of today’s web:</p>\n\t\t\t<ul>\n\t\t\t    <li>HTML</li>\n\t\t\t    <li>URI</li>\n\t\t\t    <li>HTTP</li>\n\t\t\t</ul>\n\t\t\t\n\t\t\t<p>Read more about <a href=\"https://en.wikipedia.org/wiki/Tim_Berners-Lee\">Tim Berners-Lee</a></p>\n\t\t\t\n\t\t\t<img src=\"https://tinyurl.com/yxdkbbbj\"> <img src=\"https://tinyurl.com/yyjstlro\">\n\t\t\t\n\t\t\t<!--\n\t\t\t\t*** Hyperlinks ***\n\t\t\t\t(1) https://en.wikipedia.org/wiki/HTML\n\t\t\t\t(2) https://en.wikipedia.org/wiki/Tim_Berners-Lee\n\t\t\t\t\n\t\t\t\t*** Image sources ***\n\t\t\t\t(1) Tim's original proposal: https://tinyurl.com/yxdkbbbj\n\t\t\t\t(2) Tim Berners-Lee:\t\t https://tinyurl.com/yyjstlro\n\t\t\t\t\n\t\t\t\t*** Text content ***\n\t\t\t\tThe three fundamental technologies that remain the foundation of today’s web:\n\t\t\t\n\t\t\t\tHTML\n\t\t\t\tURI\n\t\t\t\tHTTP\n\t\t\t\n\t\t\t\tRead more about Tim Berners-Lee\n\t\t\t-->\t\t\t\n\t\t</section>\n\t</body>\n</html>"
      }
    }
  }
}