{
  "_id": "ck3ydk7vr01b301rsge4418ap",
  "type": "control",
  "controlStructure": {
    "all": {
      "structure": "individual",
      "mode": "include",
      "payload": {
        "zziBcRA4iFysNPizw": true,
        "QpTfa3muPPMBFR9Pp": true,
        "28AYQLYnkgBi5uKXN": true,
        "53TwXKQe62kT2tnRp": true,
        "PdmCgSRv3kmfWwA3a": true,
        "YvCdYm3zReNZzrtNs": true,
        "C23vEwAz5F76NjERx": true,
        "PqdvC3XWpMyWFqire": true,
        "xGGhgoi8Lr67HZvga": true,
        "iCcqC5LHLXf5Ja3jK": true,
        "znza2WvWyiBTfdzab": true,
        "EdAtNnM345PRb4tLZ": true,
        "Aw4gxBApCsdMueCwk": true
      }
    }
  }
}