{
  "_id": "ck3ydk7vr01b101rsbsii2mly",
  "type": "social",
  "socialStructure": {
    "Split class into two groups": {
      "1": [
        "Ystaypp7AmJ4wYvsM",
        "bFNGRyeEysDF8YCYG",
        "Sp3JZtnPt2G6W7a32",
        "g5QS8GZ6gaFThnu94",
        "Gv7QyY2nyFbAQadHu",
        "2bcTjnfNuKp5hJcyK",
        "o5DALaM8AFwY6H4tE",
        "PrjgtRBCGbqJoZ3HN",
        "hjfHvYz88HrEAiHw7",
        "NEJpZWwLZ4dzzvYh7",
        "k2oxfxXXwQszGYgbX",
        "BMjGCT4wEQuYNyTiS",
        "w47e4oqeyEuQFBYaD"
      ],
      "2": [
        "zziBcRA4iFysNPizw",
        "QpTfa3muPPMBFR9Pp",
        "28AYQLYnkgBi5uKXN",
        "53TwXKQe62kT2tnRp",
        "PdmCgSRv3kmfWwA3a",
        "YvCdYm3zReNZzrtNs",
        "C23vEwAz5F76NjERx",
        "PqdvC3XWpMyWFqire",
        "xGGhgoi8Lr67HZvga",
        "iCcqC5LHLXf5Ja3jK",
        "znza2WvWyiBTfdzab",
        "EdAtNnM345PRb4tLZ",
        "Aw4gxBApCsdMueCwk"
      ]
    }
  }
}