{
  "_id": "ck3ydk7vr01an01rs2zoueln2",
  "activityData": {
    "structure": "all",
    "payload": {"all": {"data": null, "config": {}}}
  },
  "socialStructure": {},
  "globalStructure": {
    "studentIds": [
      "o5DALaM8AFwY6H4tE",
      "28AYQLYnkgBi5uKXN",
      "Sp3JZtnPt2G6W7a32",
      "k2oxfxXXwQszGYgbX",
      "iCcqC5LHLXf5Ja3jK",
      "hjfHvYz88HrEAiHw7",
      "PqdvC3XWpMyWFqire",
      "zziBcRA4iFysNPizw",
      "PdmCgSRv3kmfWwA3a",
      "Gv7QyY2nyFbAQadHu",
      "QpTfa3muPPMBFR9Pp",
      "PrjgtRBCGbqJoZ3HN",
      "xGGhgoi8Lr67HZvga",
      "C23vEwAz5F76NjERx",
      "YvCdYm3zReNZzrtNs",
      "53TwXKQe62kT2tnRp",
      "Ystaypp7AmJ4wYvsM",
      "znza2WvWyiBTfdzab",
      "bFNGRyeEysDF8YCYG",
      "NEJpZWwLZ4dzzvYh7",
      "BMjGCT4wEQuYNyTiS",
      "Aw4gxBApCsdMueCwk",
      "2bcTjnfNuKp5hJcyK",
      "g5QS8GZ6gaFThnu94",
      "EdAtNnM345PRb4tLZ",
      "w47e4oqeyEuQFBYaD"
    ],
    "students": {
      "o5DALaM8AFwY6H4tE": "David Joaquim Da Rocha Rodrigues",
      "28AYQLYnkgBi5uKXN": "Andrea Sebastien Scalisi",
      "Sp3JZtnPt2G6W7a32": "Johan Per Alexandre Lanzrein",
      "k2oxfxXXwQszGYgbX": "Maxime Quentin Pisa",
      "iCcqC5LHLXf5Ja3jK": "Anton Soldatenkov",
      "hjfHvYz88HrEAiHw7": "Marie Mouna Reignier Tayar",
      "PqdvC3XWpMyWFqire": "Robin Leurent",
      "zziBcRA4iFysNPizw": "Jan Horesovsky",
      "PdmCgSRv3kmfWwA3a": "Maxime Christophe J Lamborelle",
      "Gv7QyY2nyFbAQadHu": "Alexis Philippe Marie Mermet",
      "QpTfa3muPPMBFR9Pp": "Maja Stamenkovic",
      "PrjgtRBCGbqJoZ3HN": "Jade Maï L Cock",
      "xGGhgoi8Lr67HZvga": "Jimin Wang",
      "C23vEwAz5F76NjERx": "Lua Streit",
      "YvCdYm3zReNZzrtNs": "Timur Nikita Lavrov",
      "53TwXKQe62kT2tnRp": "Thanh Loïc Nguyen",
      "Ystaypp7AmJ4wYvsM": "Jeremy Olivier Mion",
      "znza2WvWyiBTfdzab": "Ludo Hoffstetter",
      "bFNGRyeEysDF8YCYG": "Elias Hariz",
      "NEJpZWwLZ4dzzvYh7": "Victor Louis René Jean Taburet",
      "BMjGCT4wEQuYNyTiS": "Isitan Gorkey",
      "Aw4gxBApCsdMueCwk": "Arnaud Jean Pierre-François Brigitte Duvieusart",
      "2bcTjnfNuKp5hJcyK": "Xiao Zhou",
      "g5QS8GZ6gaFThnu94": "Arnaud Michel Garin",
      "EdAtNnM345PRb4tLZ": "Max Schnaubelt",
      "w47e4oqeyEuQFBYaD": "Can Yilmaz Altinigne"
    }
  }
}