{
  "structure": "individual",
  "payload": {
    "28AYQLYnkgBi5uKXN": {
      "data": {
        "code": "<!DOCTYPE html>\n<!-- INSERT YOUR MARKUP BELOW -->\n<html>\n    <head>\n        <title></title>\n    </head>\n    <body>\n        <h1>Hello, world !</h1>\n    </body>\n</html>"
      }
    },
    "2bcTjnfNuKp5hJcyK": {
      "data": {
        "code": "<!DOCTYPE html>\n<!-- INSERT YOUR MARKUP BELOW -->\n<head>\n    \n\n"
      }
    },
    "53TwXKQe62kT2tnRp": {
      "data": {
        "code": "<!DOCTYPE html>\n<!-- INSERT YOUR MARKUP BELOW -->\n<html>\n    <head>\n        \n    </head>\n    <body>\n        Hello, world!\n    </body>\n</html>"
      }
    },
    "Aw4gxBApCsdMueCwk": {
      "data": {
        "code": "<!DOCTYPE html>\n<!-- INSERT YOUR MARKUP BELOW -->\n<head>\n    <title> Hello World</title>\n</head>\n<body>\n    Hello World\n</body>\n"
      }
    },
    "BMjGCT4wEQuYNyTiS": {
      "data": {
        "code": "<!DOCTYPE html>\n<!-- INSERT YOUR MARKUP BELOW -->\n<head>\n    <title>Hello world!</title>\n</head>\n<body>\n    <h>\n        Hello World!\n    </h>\n</body>"
      }
    },
    "C23vEwAz5F76NjERx": {
      "data": {
        "code": "<!DOCTYPE html>\n<!-- INSERT YOUR MARKUP BELOW -->\n<html>\n    <head>\n        <title>\n            Title\n        </title>\n    </head>\n    <body>\n        Hello, world!\n    </body>\n</html>"
      }
    },
    "EdAtNnM345PRb4tLZ": {
      "data": {"code": "<!DOCTYPE html>\n<!-- INSERT YOUR MARKUP BELOW -->\n"}
    },
    "Gv7QyY2nyFbAQadHu": {
      "data": {
        "code": "<!DOCTYPE html>\n<!-- INSERT YOUR MARKUP BELOW -->\n<body>\n    Hello Word\n</body>"
      }
    },
    "NEJpZWwLZ4dzzvYh7": {
      "data": {
        "code": "<!DOCTYPE html>\n<!-- INSERT YOUR MARKUP BELOW -->\n<html>\n    <head>\n        This is a title\n    </head>\n    <body>\n        Hello, world!\n    </body>\n</html>"
      }
    },
    "PdmCgSRv3kmfWwA3a": {
      "data": {"code": "<!DOCTYPE html>\n<!-- INSERT YOUR MARKUP BELOW -->\n"}
    },
    "PqdvC3XWpMyWFqire": {
      "data": {
        "code": "<!DOCTYPE html>\n<!-- INSERT YOUR MARKUP BELOW -->\n<html>\n    Hello World!\n</html>"
      }
    },
    "PrjgtRBCGbqJoZ3HN": {
      "data": {
        "code": "<!DOCTYPE html>\n<!-- INSERT YOUR MARKUP BELOW -->\n<html>\n    <title></title>\n    <body> <emp>Hello, world</emp></body>\n</html>\n"
      }
    },
    "QpTfa3muPPMBFR9Pp": {
      "data": {
        "code": "<!DOCTYPE html>\n<!-- INSERT YOUR MARKUP BELOW -->\n<html>\n    <head>\n        <title>Maja's page</title>\n    </head>\n    <body>\n        Hello world!\n    </body>\n</html>"
      }
    },
    "Sp3JZtnPt2G6W7a32": {
      "data": {
        "code": "<!DOCTYPE html>\n<!-- INSERT YOUR MARKUP BELOW -->\n<head>\n    <title>Example</title>\n</head>\n<body>\n    Hello, world!\n</body>"
      }
    },
    "Ystaypp7AmJ4wYvsM": {
      "data": {
        "code": "<!DOCTYPE html>\n<!-- INSERT YOUR MARKUP BELOW -->\n<html>Hello, world!</html>"
      }
    },
    "YvCdYm3zReNZzrtNs": {
      "data": {
        "code": "<!DOCTYPE html>\n<!-- INSERT YOUR MARKUP BELOW -->\n<html>\n    <head>\n        <title>\n            Something, something\n        </title>\n    </head>\n    <body>\n        Hello, world!\n    </body>\n</html>"
      }
    },
    "bFNGRyeEysDF8YCYG": {
      "data": {
        "code": "<!DOCTYPE html>\n<!-- INSERT YOUR MARKUP BELOW -->\n<body>\n    Hello world\n</body>"
      }
    },
    "g5QS8GZ6gaFThnu94": {
      "data": {"code": "<!DOCTYPE html>\n<!-- INSERT YOUR MARKUP BELOW -->\n"}
    },
    "hjfHvYz88HrEAiHw7": {
      "data": {
        "code": "<!DOCTYPE html>\n<!-- INSERT YOUR MARKUP BELOW -->\n<head>\n    <title>Hello world</title>\n</head>\n<text>\n    Hello world\n</text>"
      }
    },
    "iCcqC5LHLXf5Ja3jK": {
      "data": {
        "code": "<!DOCTYPE html>\n<!-- INSERT YOUR MARKUP BELOW -->\n<head><title>example</title></head>\n<body>hello world!</body>"
      }
    },
    "k2oxfxXXwQszGYgbX": {
      "data": {
        "code": "<!DOCTYPE html>\n<html>\n    <body>Hello, world!</body>\n</html>"
      }
    },
    "o5DALaM8AFwY6H4tE": {
      "data": {
        "code": "<!DOCTYPE html>\n<!-- INSERT YOUR MARKUP BELOW -->\n<html>\n    <head>\n        <title>Basic HTML doc</title>\n    </head>\n    <body>\n        <p>Hello World!</p>\n    </body>\n</html>"
      }
    },
    "w47e4oqeyEuQFBYaD": {
      "data": {"code": "<!DOCTYPE html>\n<!-- INSERT YOUR MARKUP BELOW -->\n"}
    },
    "xGGhgoi8Lr67HZvga": {
      "data": {
        "code": "<!DOCTYPE html>\n<!-- INSERT YOUR MARKUP BELOW -->\n<head>\n    <title>\n</head>\n<body>\n    \"Hello Word\"\n</body>"
      }
    },
    "znza2WvWyiBTfdzab": {
      "data": {
        "code": "<!DOCTYPE html>\n<!-- INSERT YOUR MARKUP BELOW -->\n<html>\n    <body>\n        Hello world\n    </body>\n</html>"
      }
    },
    "zziBcRA4iFysNPizw": {
      "data": {
        "code": "<!DOCTYPE html>\n<!-- INSERT YOUR MARKUP BELOW -->\n<html>\n    <head>\n        Hellow world!\n    </head>\n    <body>\n    </body>\n</html>"
      }
    }
  }
}