{
  "structure": "individual",
  "payload": {
    "28AYQLYnkgBi5uKXN": {
      "data": {
        "code": "<!DOCTYPE html>\n<html lang=\"en\">\n\t<head>\n\t\t<meta charset=\"utf-8\">\n\t\t<title>Example</title>\n\t</head>\n\t<body>\n\t\t<section>\n\t\t\t<!-- INSERT YOUR MARKUP BELOW -->\n\t\t\t\n\t\t\t\t\n\t\t\t\t<h1>A short history of the Web</h1>\n\t\t\t\t\n\t\t\t\t<h2>Where the Web was born</h2>\n\n\t\t\t\t<p>Tim Berners-Lee, a British scientist, invented the World Wide Web (WWW) in 1989, while working at CERN.\t\t\t\n\t\t\t\tGrowing up, Sir Tim was interested in trains and had a model railway in his bedroom. He recalls:</p>\n\n\t\t\t\t<blockquote>\n\t\t\t\t    <em>\n\t\t\t\t    “I made some electronic gadgets to control the trains. Then I ended up getting more interested in electronics than trains. Later on, when I was in college I made a computer out of an old television set.”\n\t\t\t        </em>\n\t\t\t\t</blockquote>\n\n\t\t\t\t<p>The basic idea of the WWW was to merge the evolving technologies of computers, data networks and hypertext into a powerful and easy to use global information system.</p>\n\n\n\t\t\t\t<h2>How the Web began</h2>\n\n\t\t\t\t<p>Tim Berners-Lee wrote the first proposal for the World Wide Web in March 1989 and his second proposal in May 1990. This was formalised as a management proposal in November 1990. This outlined the principal concepts and it defined important terms behind the Web. The document described a \"hypertext project\" called \"WorldWideWeb\" in which a \"web\" of \"hypertext documents\" could be viewed by “browsers”.</p>\n\t\t\t\t\n\t\t\t\t<p>By the end of 1990, Tim Berners-Lee had the first Web server and browser up and running at CERN, demonstrating his ideas. He developed the code for his Web server on a NeXT computer. To prevent it being accidentally switched off, the computer had a hand-written label in red ink: \"This machine is a server. DO NOT POWER IT DOWN!!\"</p>\n\t\t\t\n\t\t</section>\n\t</body>\n</html>"
      }
    },
    "2bcTjnfNuKp5hJcyK": {
      "data": {
        "code": "<!DOCTYPE html>\n<html lang=\"en\">\n\t<head>\n\t\t<meta charset=\"utf-8\">\n\t\t<title>Example</title>\n\t</head>\n\t<body>\n\t\t<section>\n\t\t\t<!-- INSERT YOUR MARKUP BELOW -->\n\t\t\t<h1>\tA short history of the Web</h1>\n\t\t\t<h2>\tWhere the Web was born</h2>\n\t\t\t<p>\n\t\t\t\tTim Berners-Lee, a British scientist, invented the World Wide Web (WWW) in 1989, while working at CERN.\t\t\t\n\t\t\t\tGrowing up, Sir Tim was interested in trains and had a model railway in his bedroom. He recalls:</p>\n\n            <p>“I made some electronic gadgets to control the trains. Then I ended up getting more interested in electronics than trains. Later on, when I was in college I made a computer out of an old television set.”</p>\n\t\t\t<p>The basic idea of the WWW was to merge the evolving technologies of computers, data networks and hypertext into a powerful and easy to use global information system.</p>\n\t\t\t<!--\n\t\t\t\n\t\t\t\t*** Page Content ***\n\t\t\t\t\n\t\t\t\tA short history of the Web\n\t\t\t\t\n\t\t\t\tWhere the Web was born\n\n\t\t\t\tTim Berners-Lee, a British scientist, invented the World Wide Web (WWW) in 1989, while working at CERN.\t\t\t\n\t\t\t\tGrowing up, Sir Tim was interested in trains and had a model railway in his bedroom. He recalls:\n\n\t\t\t\t“I made some electronic gadgets to control the trains. Then I ended up getting more interested in electronics than trains. Later on, when I was in college I made a computer out of an old television set.”\n\n\t\t\t\tThe basic idea of the WWW was to merge the evolving technologies of computers, data networks and hypertext into a powerful and easy to use global information system.\n\n\n\t\t\t\tHow the Web began\n\n\t\t\t\tTim Berners-Lee wrote the first proposal for the World Wide Web in March 1989 and his second proposal in May 1990. This was formalised as a management proposal in November 1990. This outlined the principal concepts and it defined important terms behind the Web. The document described a \"hypertext project\" called \"WorldWideWeb\" in which a \"web\" of \"hypertext documents\" could be viewed by “browsers”.\n\t\t\t\t\n\t\t\t\tBy the end of 1990, Tim Berners-Lee had the first Web server and browser up and running at CERN, demonstrating his ideas. He developed the code for his Web server on a NeXT computer. To prevent it being accidentally switched off, the computer had a hand-written label in red ink: \"This machine is a server. DO NOT POWER IT DOWN!!\"\n\t\t\t-->\n\t\t</section>\n\t</body>\n</html>"
      }
    },
    "53TwXKQe62kT2tnRp": {
      "data": {
        "code": "<!DOCTYPE html>\n<html lang=\"en\">\n\t<head>\n\t\t<meta charset=\"utf-8\">\n\t\t<title>Example</title>\n\t</head>\n\t<body>\n\t\t<section>\n\t\t\t<!-- INSERT YOUR MARKUP BELOW -->\n\t\t\t\t<h1>A short history of the Web</h1>\n\t\t\t\t\n\t\t\t\t<h2>Where the Web was born</h2>\n\n\t\t\t\t<p>Tim Berners-Lee, a British scientist, invented the World Wide Web (WWW) in 1989, while working at CERN.\t\t\t\n\t\t\t\tGrowing up, Sir Tim was interested in trains and had a model railway in his bedroom. He recalls:\n\n\t\t\t\t“I made some electronic gadgets to control the trains. Then I ended up getting more interested in electronics than trains. Later on, when I was in college I made a computer out of an old television set.”\n\n\t\t\t\tThe basic idea of the WWW was to merge the evolving technologies of computers, data networks and hypertext into a powerful and easy to use global information system.</p>\n\n\n\t\t\t\t<h2>How the Web began</h2>\n\n\t\t\t\t<p>Tim Berners-Lee wrote the first proposal for the World Wide Web in March 1989 and his second proposal in May 1990. This was formalised as a management proposal in November 1990. This outlined the principal concepts and it defined important terms behind the Web. The document described a \"hypertext project\" called \"WorldWideWeb\" in which a \"web\" of \"hypertext documents\" could be viewed by “browsers”.\n\t\t\t\t\n\t\t\t\tBy the end of 1990, Tim Berners-Lee had the first Web server and browser up and running at CERN, demonstrating his ideas. He developed the code for his Web server on a NeXT computer. To prevent it being accidentally switched off, the computer had a hand-written label in red ink: \"This machine is a server. DO NOT POWER IT DOWN!!\"</p>\n\t\t</section>\n\t</body>\n</html>"
      }
    },
    "Aw4gxBApCsdMueCwk": {
      "data": {
        "code": "<!DOCTYPE html>\n<html lang=\"en\">\n\t<head>\n\t\t<meta charset=\"utf-8\">\n\t\t<title>Example</title>\n\t</head>\n\t<body>\n\t\t<section>\n\t\t\t<!-- INSERT YOUR MARKUP BELOW -->\n\t\t\t\t\n\t\t\t\t<h1>A short history of the Web</h1>\n\t\t\t\t\n\t\t\t\t<h2>Where the Web was born</h2>\n\n\t\t\t\tTim Berners-Lee, a British scientist, invented the World Wide Web (WWW) in 1989, while working at CERN.\t\t\t\n\t\t\t\tGrowing up, Sir Tim was interested in trains and had a model railway in his bedroom. He recalls:\n\n\t\t\t\t“I made some electronic gadgets to control the trains. Then I ended up getting more interested in electronics than trains. Later on, when I was in college I made a computer out of an old television set.”\n\n\t\t\t\tThe basic idea of the WWW was to merge the evolving technologies of computers, data networks and hypertext into a powerful and easy to use global information system.\n\n\n\t\t\t\t<h3>How the Web began</h3>\n\n\t\t\t\tTim Berners-Lee wrote the first proposal for the World Wide Web in March 1989 and his second proposal in May 1990. This was formalised as a management proposal in November 1990. This outlined the principal concepts and it defined important terms behind the Web. The document described a \"hypertext project\" called \"WorldWideWeb\" in which a \"web\" of \"hypertext documents\" could be viewed by “browsers”.\n\t\t\t\t\n\t\t\t\tBy the end of 1990, Tim Berners-Lee had the first Web server and browser up and running at CERN, demonstrating his ideas. He developed the code for his Web server on a NeXT computer. To prevent it being accidentally switched off, the computer had a hand-written label in red ink: \"This machine is a server. DO NOT POWER IT DOWN!!\"\n\t\t\t\n\t\t</section>\n\t</body>\n</html>"
      }
    },
    "BMjGCT4wEQuYNyTiS": {
      "data": {
        "code": "<!DOCTYPE html>\n<html lang=\"en\">\n\t<head>\n\t\t<meta charset=\"utf-8\">\n\t\t<title>Example</title>\n\t</head>\n\t<body>\n\t\t<section>\n\t\t    <h1>How Switzerland avoided commiez</h1>\n\t\t    <blockquote><p>Every true patriot has seen how communism ruined Norway.</p></blockquote>\n\t\t    <p>Donald Trump said. He was no commie.</p>\n\t\t\t<!-- INSERT YOUR MARKUP BELOW -->\n\t\t\t\n\n\t\t\t<!--\n\t\t\t\t*** Page Content ***\n\t\t\t\t\n\t\t\t\tA short history of the Web\n\t\t\t\t\n\t\t\t\tWhere the Web was born\n\n\t\t\t\tTim Berners-Lee, a British scientist, invented the World Wide Web (WWW) in 1989, while working at CERN.\t\t\t\n\t\t\t\tGrowing up, Sir Tim was interested in trains and had a model railway in his bedroom. He recalls:\n\n\t\t\t\t“I made some electronic gadgets to control the trains. Then I ended up getting more interested in electronics than trains. Later on, when I was in college I made a computer out of an old television set.”\n\n\t\t\t\tThe basic idea of the WWW was to merge the evolving technologies of computers, data networks and hypertext into a powerful and easy to use global information system.\n\n\n\t\t\t\tHow the Web began\n\n\t\t\t\tTim Berners-Lee wrote the first proposal for the World Wide Web in March 1989 and his second proposal in May 1990. This was formalised as a management proposal in November 1990. This outlined the principal concepts and it defined important terms behind the Web. The document described a \"hypertext project\" called \"WorldWideWeb\" in which a \"web\" of \"hypertext documents\" could be viewed by “browsers”.\n\t\t\t\t\n\t\t\t\tBy the end of 1990, Tim Berners-Lee had the first Web server and browser up and running at CERN, demonstrating his ideas. He developed the code for his Web server on a NeXT computer. To prevent it being accidentally switched off, the computer had a hand-written label in red ink: \"This machine is a server. DO NOT POWER IT DOWN!!\"\n\t\t\t-->\n\t\t</section>\n\t</body>\n</html>"
      }
    },
    "C23vEwAz5F76NjERx": {
      "data": {
        "code": "<!DOCTYPE html>\n<html lang=\"en\">\n\t<head>\n\t\t<meta charset=\"utf-8\">\n\t\t<title>Example</title>\n\t</head>\n\t<body>\n\t\t<section>\n\t\t\t<h1>A short history of the Web</h1><!-- INSERT YOUR MARKUP BELOW -->\n\t\t\t<h2>Where the Web was born</h2>\n\t\t\t<p>Tim Berners-Lee, a British scientist, invented the World Wide Web (WWW) in 1989, while working at CERN.\t\t\t\n\t\t\t\tGrowing up, Sir Tim was interested in trains and had a model railway in his bedroom. He recalls:</p>\n\t\t\t<quote>\n\t\t\t    “I made some electronic gadgets to control the trains. Then I ended up getting more interested in electronics than trains. Later on, when I was in college I made a computer out of an old television set.”\n\t\t\t</quote>\n\t\t\t<p>The basic idea of the WWW was to merge the evolving technologies of computers, data networks and hypertext into a powerful and easy to use global information system.</p>\n\n            <h2>How the Web began</h2>\n            \n            <p>Tim Berners-Lee wrote the first proposal for the World Wide Web in March 1989 and his second proposal in May 1990. This was formalised as a management proposal in November 1990. This outlined the principal concepts and it defined important terms behind the Web. The document described a \"hypertext project\" called \"WorldWideWeb\" in which a \"web\" of \"hypertext documents\" could be viewed by “browsers”.</p>\n\t\t\t<p>By the end of 1990, Tim Berners-Lee had the first Web server and browser up and running at CERN, demonstrating his ideas. He developed the code for his Web server on a NeXT computer. To prevent it being accidentally switched off, the computer had a hand-written label in red ink: \"This machine is a server. DO NOT POWER IT DOWN!!\"</p>\n\n\t\t\t<!--\n\t\t\t\t*** Page Content ***\n\t\t\t\t\n\t\t\t\tA short history of the Web\n\t\t\t\t\n\t\t\t\tWhere the Web was born\n\n\t\t\t\tTim Berners-Lee, a British scientist, invented the World Wide Web (WWW) in 1989, while working at CERN.\t\t\t\n\t\t\t\tGrowing up, Sir Tim was interested in trains and had a model railway in his bedroom. He recalls:\n\n\t\t\t\t“I made some electronic gadgets to control the trains. Then I ended up getting more interested in electronics than trains. Later on, when I was in college I made a computer out of an old television set.”\n\n\t\t\t\tThe basic idea of the WWW was to merge the evolving technologies of computers, data networks and hypertext into a powerful and easy to use global information system.\n\n\n\t\t\t\tHow the Web began\n\n\t\t\t\tTim Berners-Lee wrote the first proposal for the World Wide Web in March 1989 and his second proposal in May 1990. This was formalised as a management proposal in November 1990. This outlined the principal concepts and it defined important terms behind the Web. The document described a \"hypertext project\" called \"WorldWideWeb\" in which a \"web\" of \"hypertext documents\" could be viewed by “browsers”.\n\t\t\t\t\n\t\t\t\tBy the end of 1990, Tim Berners-Lee had the first Web server and browser up and running at CERN, demonstrating his ideas. He developed the code for his Web server on a NeXT computer. To prevent it being accidentally switched off, the computer had a hand-written label in red ink: \"This machine is a server. DO NOT POWER IT DOWN!!\"\n\t\t\t-->\n\t\t</section>\n\t</body>\n</html>"
      }
    },
    "EdAtNnM345PRb4tLZ": {
      "data": {
        "code": "<!DOCTYPE html>\n<html lang=\"en\">\n\t<head>\n\t\t<meta charset=\"utf-8\">\n\t\t<title>Example</title>\n\t</head>\n\t<body>\n\t\t<section>\n\t\t\t<!-- INSERT YOUR MARKUP BELOW -->\n\t\t\t\n\n\t\t\t<!--\n\t\t\t\t*** Page Content ***\n\t\t\t\t\n\t\t\t\tA short history of the Web\n\t\t\t\t\n\t\t\t\tWhere the Web was born\n\n\t\t\t\tTim Berners-Lee, a British scientist, invented the World Wide Web (WWW) in 1989, while working at CERN.\t\t\t\n\t\t\t\tGrowing up, Sir Tim was interested in trains and had a model railway in his bedroom. He recalls:\n\n\t\t\t\t“I made some electronic gadgets to control the trains. Then I ended up getting more interested in electronics than trains. Later on, when I was in college I made a computer out of an old television set.”\n\n\t\t\t\tThe basic idea of the WWW was to merge the evolving technologies of computers, data networks and hypertext into a powerful and easy to use global information system.\n\n\n\t\t\t\tHow the Web began\n\n\t\t\t\tTim Berners-Lee wrote the first proposal for the World Wide Web in March 1989 and his second proposal in May 1990. This was formalised as a management proposal in November 1990. This outlined the principal concepts and it defined important terms behind the Web. The document described a \"hypertext project\" called \"WorldWideWeb\" in which a \"web\" of \"hypertext documents\" could be viewed by “browsers”.\n\t\t\t\t\n\t\t\t\tBy the end of 1990, Tim Berners-Lee had the first Web server and browser up and running at CERN, demonstrating his ideas. He developed the code for his Web server on a NeXT computer. To prevent it being accidentally switched off, the computer had a hand-written label in red ink: \"This machine is a server. DO NOT POWER IT DOWN!!\"\n\t\t\t-->\n\t\t</section>\n\t</body>\n</html>"
      }
    },
    "Gv7QyY2nyFbAQadHu": {
      "data": {
        "code": "<!DOCTYPE html>\n<html lang=\"en\">\n\t<head>\n\t\t<meta charset=\"utf-8\">\n\t\t<title>Example</title>\n\t</head>\n\t<body>\n\t\t<section>\n\t\t\t<!-- INSERT YOUR MARKUP BELOW -->\n\t\t\t<h1>A short history of the Web</h1>\n\t\t\t<h2>Where the Web was born</h2>\n\t\t\t<p>\tTim Berners-Lee, a British scientist, invented the World Wide Web (WWW) in 1989, while working at CERN.\t\t\t\n\t\t\t\tGrowing up, Sir Tim was interested in trains and had a model railway in his bedroom. He recalls:</p>\n            <blockquote>“I made some electronic gadgets to control the trains. Then I ended up getting more interested in electronics than trains. Later on, when I was in college I made a computer out of an old television set.”</blockquote>\n\t\t\t\n\t\t\t<h2>How the Web began</h2>\n\t\t\t<p>Tim Berners-Lee wrote the first proposal for the World Wide Web in March 1989 and his second proposal in May 1990. This was formalised as a management proposal in November 1990. This outlined the principal concepts and it defined important terms behind the Web. The document described a \"hypertext project\" called \"WorldWideWeb\" in which a \"web\" of \"hypertext documents\" could be viewed by “browsers”.\n\t\t\t\tBy the end of 1990, Tim Berners-Lee had the first Web server and browser up and running at CERN, demonstrating his ideas. He developed the code for his Web server on a NeXT computer. To prevent it being accidentally switched off, the computer had a hand-written label in red ink: \"This machine is a server. DO NOT POWER IT DOWN!!\"</p><!--\n\t\t\t\t*** Page Content ***\n\t\t\t\t\n\t\t\t<h1>A short history of the Web<h1>\n\t\t\t\t\n\t\t\t\tWhere the Web was born\n\n\t\t\t\tTim Berners-Lee, a British scientist, invented the World Wide Web (WWW) in 1989, while working at CERN.\t\t\t\n\t\t\t\tGrowing up, Sir Tim was interested in trains and had a model railway in his bedroom. He recalls:\n\n\t\t\t\t“I made some electronic gadgets to control the trains. Then I ended up getting more interested in electronics than trains. Later on, when I was in college I made a computer out of an old television set.”\n\n\t\t\t\tThe basic idea of the WWW was to merge the evolving technologies of computers, data networks and hypertext into a powerful and easy to use global information system.\n\n\n\t\t\t\tHow the Web began\n\n\t\t\t\tTim Berners-Lee wrote the first proposal for the World Wide Web in March 1989 and his second proposal in May 1990. This was formalised as a management proposal in November 1990. This outlined the principal concepts and it defined important terms behind the Web. The document described a \"hypertext project\" called \"WorldWideWeb\" in which a \"web\" of \"hypertext documents\" could be viewed by “browsers”.\n\t\t\t\t\n\t\t\t\tBy the end of 1990, Tim Berners-Lee had the first Web server and browser up and running at CERN, demonstrating his ideas. He developed the code for his Web server on a NeXT computer. To prevent it being accidentally switched off, the computer had a hand-written label in red ink: \"This machine is a server. DO NOT POWER IT DOWN!!\"\n\t\t\t-->\n\t\t</section>\n\t</body>\n</html>"
      }
    },
    "NEJpZWwLZ4dzzvYh7": {
      "data": {
        "code": "<!DOCTYPE html>\n<html lang=\"en\">\n\t<head>\n\t\t<meta charset=\"utf-8\">\n\t\t<title>Example</title>\n\t</head>\n\t<body>\n\t\t<section>\n\t\t\t<!-- INSERT YOUR MARKUP BELOW -->\n\t\t\t\n\n\t\t\t<!--\n\t\t\t\t*** Page Content ***\n\t\t\t\t\n\t\t\t<h2>A short history of the Web<h2/>\n\t\t\t\t\n\t\t\t\tWhere the Web was born\n\n\t\t\t\tTim Berners-Lee, a British scientist, invented the World Wide Web (WWW) in 1989, while working at CERN.\t\t\t\n\t\t\t\tGrowing up, Sir Tim was interested in trains and had a model railway in his bedroom. He recalls:\n\n\t\t\t\t“I made some electronic gadgets to control the trains. Then I ended up getting more interested in electronics than trains. Later on, when I was in college I made a computer out of an old television set.”\n\n\t\t\t\tThe basic idea of the WWW was to merge the evolving technologies of computers, data networks and hypertext into a powerful and easy to use global information system.\n\n\n\t\t\t\tHow the Web began\n\n\t\t\t\tTim Berners-Lee wrote the first proposal for the World Wide Web in March 1989 and his second proposal in May 1990. This was formalised as a management proposal in November 1990. This outlined the principal concepts and it defined important terms behind the Web. The document described a \"hypertext project\" called \"WorldWideWeb\" in which a \"web\" of \"hypertext documents\" could be viewed by “browsers”.\n\t\t\t\t\n\t\t\t\tBy the end of 1990, Tim Berners-Lee had the first Web server and browser up and running at CERN, demonstrating his ideas. He developed the code for his Web server on a NeXT computer. To prevent it being accidentally switched off, the computer had a hand-written label in red ink: \"This machine is a server. DO NOT POWER IT DOWN!!\"\n\t\t\t-->\n\t\t\t<h2>A short history of the Web<h2/>\n\t\t\t<h1></h1>Where the Web was born</h1>\n\t\t\t<p>Tim Berners-Lee, a British scientist, invented the World Wide Web (WWW) in 1989, while working at CERN.\t\t\t\n\t\t\t\tGrowing up, Sir Tim was interested in trains and had a model railway in his bedroom. He recalls:</p>\n\t\t\t<blockquote>“I made some electronic gadgets to control the trains. Then I ended up getting more interested in electronics than trains. Later on, when I was in college I made a computer out of an old television set.”</blockquote>\n\t\t    <p>\t\t\t\tThe basic idea of the WWW was to merge the evolving technologies of computers, data networks and hypertext into a powerful and easy to use global information system.\n</p>\n            <h1>How the Web began</h1>\n            <p>\t\t\t\tTim Berners-Lee wrote the first proposal for the World Wide Web in March 1989 and his second proposal in May 1990. This was formalised as a management proposal in November 1990. This outlined the principal concepts and it defined important terms behind the Web. The document described a \"hypertext project\" called \"WorldWideWeb\" in which a \"web\" of \"hypertext documents\" could be viewed by “browsers”.\n</p>\n            <p>\t\t\t\tBy the end of 1990, Tim Berners-Lee had the first Web server and browser up and running at CERN, demonstrating his ideas. He developed the code for his Web server on a NeXT computer. To prevent it being accidentally switched off, the computer had a hand-written label in red ink: \"This machine is a server. DO NOT POWER IT DOWN!!\"\n</p>\n\t\t\n\t\t</section>\n\t</body>\n</html>"
      }
    },
    "PdmCgSRv3kmfWwA3a": {
      "data": {
        "code": "<!DOCTYPE html>\n<html lang=\"en\">\n\t<head>\n\t\t<meta charset=\"utf-8\">\n\t\t<title>Example</title>\n\t</head>\n\t<body>\n\t\t<section>\n\t\t\t<!-- INSERT YOUR MARKUP BELOW -->\n\t\t\t\n\n\t\t\t<!--\n\t\t\t\t*** Page Content ***\n\t\t\t\t\n\t\t\t\tA short history of the Web\n\t\t\t\t\n\t\t\t\tWhere the Web was born\n\n\t\t\t\tTim Berners-Lee, a British scientist, invented the World Wide Web (WWW) in 1989, while working at CERN.\t\t\t\n\t\t\t\tGrowing up, Sir Tim was interested in trains and had a model railway in his bedroom. He recalls:\n\n\t\t\t\t“I made some electronic gadgets to control the trains. Then I ended up getting more interested in electronics than trains. Later on, when I was in college I made a computer out of an old television set.”\n\n\t\t\t\tThe basic idea of the WWW was to merge the evolving technologies of computers, data networks and hypertext into a powerful and easy to use global information system.\n\n\n\t\t\t\tHow the Web began\n\n\t\t\t\tTim Berners-Lee wrote the first proposal for the World Wide Web in March 1989 and his second proposal in May 1990. This was formalised as a management proposal in November 1990. This outlined the principal concepts and it defined important terms behind the Web. The document described a \"hypertext project\" called \"WorldWideWeb\" in which a \"web\" of \"hypertext documents\" could be viewed by “browsers”.\n\t\t\t\t\n\t\t\t\tBy the end of 1990, Tim Berners-Lee had the first Web server and browser up and running at CERN, demonstrating his ideas. He developed the code for his Web server on a NeXT computer. To prevent it being accidentally switched off, the computer had a hand-written label in red ink: \"This machine is a server. DO NOT POWER IT DOWN!!\"\n\t\t\t-->\n\t\t</section>\n\t</body>\n</html>"
      }
    },
    "PqdvC3XWpMyWFqire": {
      "data": {
        "code": "<!DOCTYPE html>\n<html lang=\"en\">\n\t<head>\n\t\t<meta charset=\"utf-8\">\n\t\t<title>Example</title>\n\t</head>\n\t<body>\n\t\t<section>\n\t\t\t<!-- INSERT YOUR MARKUP BELOW -->\n\t\t\t\t\n\t\t\t\t<h1>A short history of the Web </h1>\n\t\t\t\t\n\t\t\t\t<h3>Where the Web was born </h3>\n\n\t\t\t\tTim Berners-Lee, a British scientist, invented the World Wide Web (WWW) in 1989, while working at CERN.\t\t\t\n\t\t\t\tGrowing up, Sir Tim was interested in trains and had a model railway in his bedroom. He recalls:\n\n\t\t\t\t“I made some electronic gadgets to control the trains. Then I ended up getting more interested in electronics than trains. Later on, when I was in college I made a computer out of an old television set.”\n\n\t\t\t\tThe basic idea of the WWW was to merge the evolving technologies of computers, data networks and hypertext into a powerful and easy to use global information system.\n\n\n\t\t\t\t<h3>How the Web began</h3>\n\n\t\t\t\tTim Berners-Lee wrote the first proposal for the World Wide Web in March 1989 and his second proposal in May 1990. This was formalised as a management proposal in November 1990. This outlined the principal concepts and it defined important terms behind the Web. The document described a \"hypertext project\" called \"WorldWideWeb\" in which a \"web\" of \"hypertext documents\" could be viewed by “browsers”.\n\t\t\t\t\n\t\t\t\tBy the end of 1990, Tim Berners-Lee had the first Web server and browser up and running at CERN, demonstrating his ideas. He developed the code for his Web server on a NeXT computer. To prevent it being accidentally switched off, the computer had a hand-written label in red ink: \"This machine is a server. DO NOT POWER IT DOWN!!\"\n\t\t\n\t\t</section>\n\t</body>\n</html>"
      }
    },
    "PrjgtRBCGbqJoZ3HN": {
      "data": {
        "code": "<!DOCTYPE html>\n<html lang=\"en\">\n\t<head>\n\t\t<meta charset=\"utf-8\">\n\t\t<title>Example</title>\n\t</head>\n\t<body>\n\t\t<section>\n\t\t\t<!-- INSERT YOUR MARKUP BELOW -->\n\t\t\t   <h1>\tA short history of the Web</h1>\n\t\t\t        <h2>Where the Web was born</h2>\n\t\t\t            <p>Tim Berners-Lee, a British scientist, \n\t\t\t            invented the World Wide Web (WWW) in 1989, \n\t\t\t            while working at CERN.\t\t\t\n\t\t\t\t        Growing up, Sir Tim was interested in trains \n\t\t\t\t        and had a model railway in his bedroom. He recalls:\n\t\t\t\t        </p>\n\t\t\t\t        <blockquote>“I made some electronic gadgets to control \n\t\t\t\t        the trains. Then I ended up getting more interested in \n\t\t\t\t        electronics than trains. Later on, when I was in college\n\t\t\t\t        I made a computer out of an old television set.”\n                        </blockquote>\n                        <p>\tThe basic idea of the WWW was to merge the evolving \n                        technologies of computers, data networks and hypertext \n                        into a powerful and easy to use global information system.\n                    </p>\n<h2>How the Web began</h2>\n<p>\n    Tim Berners-Lee wrote the first proposal for the World Wide Web in March 1989 and his second proposal in May 1990. This was formalised as a management proposal in November 1990. This outlined the principal concepts and it defined important terms behind the Web. The document described a \"hypertext project\" called \"WorldWideWeb\" in which a \"web\" of \"hypertext documents\" could be viewed by “browsers”.\n\t\t\t\t\n\t\t\t\tBy the end of 1990, Tim Berners-Lee had the first Web server and browser up and running at CERN, demonstrating his ideas. He developed the code for his Web server on a NeXT computer. To prevent it being accidentally switched off, the computer had a hand-written label in red ink: \"This machine is a server. DO NOT POWER IT DOWN!!\"\n\n</p>\n\n\t\t\t<!--\n\t\t\t\t*** Page Content ***\n\t\t\t\t\n\t\t\t\n\t\t\t\t\n\t\t\t\tWhere the Web was born\n\n\t\t\t\tTim Berners-Lee, a British scientist, invented the World Wide Web (WWW) in 1989, while working at CERN.\t\t\t\n\t\t\t\tGrowing up, Sir Tim was interested in trains and had a model railway in his bedroom. He recalls:\n\n\t\t\t\t“I made some electronic gadgets to control the trains. Then I ended up getting more interested in electronics than trains. Later on, when I was in college I made a computer out of an old television set.”\n\n\t\t\t\tThe basic idea of the WWW was to merge the evolving technologies of computers, data networks and hypertext into a powerful and easy to use global information system.\n\n\n\t\t\t\tHow the Web began\n\n\t\t\t\tTim Berners-Lee wrote the first proposal for the World Wide Web in March 1989 and his second proposal in May 1990. This was formalised as a management proposal in November 1990. This outlined the principal concepts and it defined important terms behind the Web. The document described a \"hypertext project\" called \"WorldWideWeb\" in which a \"web\" of \"hypertext documents\" could be viewed by “browsers”.\n\t\t\t\t\n\t\t\t\tBy the end of 1990, Tim Berners-Lee had the first Web server and browser up and running at CERN, demonstrating his ideas. He developed the code for his Web server on a NeXT computer. To prevent it being accidentally switched off, the computer had a hand-written label in red ink: \"This machine is a server. DO NOT POWER IT DOWN!!\"\n\t\t\t-->\n\t\t</section>\n\t</body>\n</html>"
      }
    },
    "QpTfa3muPPMBFR9Pp": {
      "data": {
        "code": "<!DOCTYPE html>\n<html lang=\"en\">\n\t<head>\n\t\t<meta charset=\"utf-8\">\n\t\t<title>Example</title>\n\t</head>\n\t<body>\n\t\t<section>\n\t\t\t<!-- INSERT YOUR MARKUP BELOW -->\n\t\t\t<h1>A short history of the Web</h1>\n\t\t\t<h2>Where the Web was born</h2>\n\t\t\t<p>\n\t\t\t    Tim Berners-Lee, a British scientist, invented the World Wide Web (WWW) in 1989, while working at CERN.\t\t\t\n\t\t\t\tGrowing up, Sir Tim was interested in trains and had a model railway in his bedroom. He recalls:\n            </p>\n            <blockquote>\n\t\t\t\t“I made some electronic gadgets to control the trains. Then I ended up getting more interested in electronics than trains. Later on, when I was in college I made a computer out of an old television set.”\n            </blockquote>\n            <p>\n\t\t\t\tThe basic idea of the WWW was to merge the evolving technologies of computers, data networks and hypertext into a powerful and easy to use global information system.\n\n\t\t\t</p>\n\t\t\t<h2>How the Web began</h2>\n\t\t\t<p>Tim Berners-Lee wrote the first proposal for the World Wide Web in March 1989 and his second proposal in May 1990. This was formalised as a management proposal in November 1990. This outlined the principal concepts and it defined important terms behind the Web. The document described a \"hypertext project\" called \"WorldWideWeb\" in which a \"web\" of \"hypertext documents\" could be viewed by “browsers”.\n\t\t\t\t\n\t\t\t\tBy the end of 1990, Tim Berners-Lee had the first Web server and browser up and running at CERN, demonstrating his ideas. He developed the code for his Web server on a NeXT computer. To prevent it being accidentally switched off, the computer had a hand-written label in red ink: \"This machine is a server. DO NOT POWER IT DOWN!!\"\n\t\t\t</p>\n\n\t\t\t<!--\n\t\t\t\t*** Page Content ***\n\t\t\t\t\n\t\t\t\tA short history of the Web\n\t\t\t\t\n\t\t\t\tWhere the Web was born\n\n\t\t\t\tTim Berners-Lee, a British scientist, invented the World Wide Web (WWW) in 1989, while working at CERN.\t\t\t\n\t\t\t\tGrowing up, Sir Tim was interested in trains and had a model railway in his bedroom. He recalls:\n\n\t\t\t\t“I made some electronic gadgets to control the trains. Then I ended up getting more interested in electronics than trains. Later on, when I was in college I made a computer out of an old television set.”\n\n\t\t\t\tThe basic idea of the WWW was to merge the evolving technologies of computers, data networks and hypertext into a powerful and easy to use global information system.\n\n\n\t\t\t\tHow the Web began\n\n\t\t\t\tTim Berners-Lee wrote the first proposal for the World Wide Web in March 1989 and his second proposal in May 1990. This was formalised as a management proposal in November 1990. This outlined the principal concepts and it defined important terms behind the Web. The document described a \"hypertext project\" called \"WorldWideWeb\" in which a \"web\" of \"hypertext documents\" could be viewed by “browsers”.\n\t\t\t\t\n\t\t\t\tBy the end of 1990, Tim Berners-Lee had the first Web server and browser up and running at CERN, demonstrating his ideas. He developed the code for his Web server on a NeXT computer. To prevent it being accidentally switched off, the computer had a hand-written label in red ink: \"This machine is a server. DO NOT POWER IT DOWN!!\"\n\t\t\t-->\n\t\t</section>\n\t</body>\n</html>"
      }
    },
    "Sp3JZtnPt2G6W7a32": {
      "data": {
        "code": "<!DOCTYPE html>\n<html lang=\"en\">\n\t<head>\n\t\t<meta charset=\"utf-8\">\n\t\t<title>Example</title>\n\t</head>\n\t<body>\n\t\t<section>\n\t\t\t<!-- INSERT YOUR MARKUP BELOW -->\n\t\t\t\n\n\n\t\t\t\t<h1>A short history of the Web</h1>\n\t\t\t\t\n\t\t\t\t<h2>Where the Web was born</h2>\n\n\t\t\t\t<p>\n\t\t\t\t    Tim Berners-Lee, a British scientist, invented the World Wide Web (WWW) in 1989, while working at CERN.\t\t\t\n\t\t\t\tGrowing up, Sir Tim was interested in trains and had a model railway in his bedroom. He recalls:\n\t\t\t\t</p>\n\t\t\t\t<blockquote>“I made some electronic gadgets to control the trains. Then I ended up getting more interested in electronics than trains. Later on, when I was in college I made a computer out of an old television set.”</blockquote>\n\t\t\t\t<p>\n\t\t\t\t    The basic idea of the WWW was to merge the evolving technologies of computers, data networks and hypertext into a powerful and easy to use global information system.\n              </p>\n\n\t\t\t\t<h2>How the Web began</h2>\n\n\t\t\t<p>Tim Berners-Lee wrote the first proposal for the World Wide Web in March 1989 and his second proposal in May 1990. This was formalised as a management proposal in November 1990. This outlined the principal concepts and it defined important terms behind the Web. The document described a \"hypertext project\" called \"WorldWideWeb\" in which a \"web\" of \"hypertext documents\" could be viewed by “browsers”.\n\t\t\t\t\n\t\t\t\tBy the end of 1990, Tim Berners-Lee had the first Web server and browser up and running at CERN, demonstrating his ideas. He developed the code for his Web server on a NeXT computer. To prevent it being accidentally switched off, the computer had a hand-written label in red ink: \"This machine is a server. DO NOT POWER IT DOWN!!\"\n\t\t\t</p>\t\n\t\t</section>\n\t</body>\n</html>"
      }
    },
    "Ystaypp7AmJ4wYvsM": {
      "data": {
        "code": "<!DOCTYPE html>\n<html lang=\"en\">\n\t<head>\n\t\t<meta charset=\"utf-8\">\n\t\t<title>Example</title>\n\t</head>\n\t<body>\n\t\t<section>\n\t\t\t<!-- INSERT YOUR MARKUP BELOW -->\n\t\t\t\n\n\t\t\t<!--\n\t\t\t\t*** Page Content ***\n\t\t\t\t\n\t\t\t\tA short history of the Web\n\t\t\t\t\n\t\t\t\tWhere the Web was born\n\n\t\t\t\tTim Berners-Lee, a British scientist, invented the World Wide Web (WWW) in 1989, while working at CERN.\t\t\t\n\t\t\t\tGrowing up, Sir Tim was interested in trains and had a model railway in his bedroom. He recalls:\n\n\t\t\t\t“I made some electronic gadgets to control the trains. Then I ended up getting more interested in electronics than trains. Later on, when I was in college I made a computer out of an old television set.”\n\n\t\t\t\tThe basic idea of the WWW was to merge the evolving technologies of computers, data networks and hypertext into a powerful and easy to use global information system.\n\n\n\t\t\t\tHow the Web began\n\n\t\t\t\tTim Berners-Lee wrote the first proposal for the World Wide Web in March 1989 and his second proposal in May 1990. This was formalised as a management proposal in November 1990. This outlined the principal concepts and it defined important terms behind the Web. The document described a \"hypertext project\" called \"WorldWideWeb\" in which a \"web\" of \"hypertext documents\" could be viewed by “browsers”.\n\t\t\t\t\n\t\t\t\tBy the end of 1990, Tim Berners-Lee had the first Web server and browser up and running at CERN, demonstrating his ideas. He developed the code for his Web server on a NeXT computer. To prevent it being accidentally switched off, the computer had a hand-written label in red ink: \"This machine is a server. DO NOT POWER IT DOWN!!\"\n\t\t\t-->\n\t\t\t<h1>This is am amazing title</h1>\n\t\t\t<h2>A subtitle</h2>\n\t\t\t<p>Lorem ipsum dolor sit amet, <b>consectetur</b> adipiscing <i>elit</i>, sed do eiusmod tempor incididunt ut labore et dolore magna aliqua. Ut enim ad minim veniam, quis nostrud exercitation ullamco laboris nisi ut aliquip ex ea commodo consequat. Duis aute irure dolor in reprehenderit in voluptate velit esse cillum dolore eu fugiat nulla pariatur. Excepteur sint occaecat cupidatat non proident, sunt in culpa qui officia deserunt mollit anim id est laborum.</p>\n\t\t\t\n\t\t\t<blockquotes>\"This is an inspiring quote\"</blockquotes>\n\t\t\t<h2>Another facinating subtitile</h2>\n\t\t\t<p>Lorem ipsum dolor sit amet, consectetur adipiscing elit, sed do eiusmod tempor incididunt ut labore et dolore magna aliqua. Ut enim ad minim veniam, quis nostrud exercitation ullamco laboris nisi ut aliquip ex ea commodo consequat. Duis aute irure dolor in reprehenderit in voluptate velit esse cillum dolore eu fugiat nulla pariatur. Excepteur sint occaecat cupidatat non proident, sunt in culpa qui officia deserunt mollit anim id est laborum.</p>\n\t\t\t\n\t\t\t\n\t\t</section>\n\t</body>\n</html>"
      }
    },
    "YvCdYm3zReNZzrtNs": {
      "data": {
        "code": "<!DOCTYPE html>\n<html lang=\"en\">\n\t<head>\n\t\t<meta charset=\"utf-8\">\n\t\t<title>Example</title>\n\t</head>\n\t<body>\n\t\t<section>\n\t\t\t<!-- INSERT YOUR MARKUP BELOW -->\n\t\t\t<h1>\n\t\t\t    A short history of the Web\n\t\t\t</h1>\n\t\t\t<h2>\n\t\t\t    Where the Web was born\n\t\t\t</h2>\n\t\t\t<p>\n\t\t\t    Tim Berners-Lee, a British scientist, invented the World Wide Web (WWW) in 1989, while working at CERN.\t\t\t\n\t\t\t\tGrowing up, Sir Tim was interested in trains and had a model railway in his bedroom. He recalls:\n\t\t\t</p>\n\t\t\t<blockquote>\n\t\t\t    \t“I made some electronic gadgets to control the trains. Then I ended up getting more interested in electronics than trains. Later on, when I was in college I made a computer out of an old television set.”\n\t\t\t</blockquote>\n            <p>\n            \tThe basic idea of the WWW was to merge the evolving technologies of computers, data networks and hypertext into a powerful and easy to use global information system.\n            </p>\n            <h2>\n                How the Web began\n            </h2>\n            <p>\n                Tim Berners-Lee wrote the first proposal for the World Wide Web in March 1989 and his second proposal in May 1990. This was formalised as a management proposal in November 1990. This outlined the principal concepts and it defined important terms behind the Web. The document described a \"hypertext project\" called \"WorldWideWeb\" in which a \"web\" of \"hypertext documents\" could be viewed by “browsers”.\n\t\t\t\t\n\t\t\t\tBy the end of 1990, Tim Berners-Lee had the first Web server and browser up and running at CERN, demonstrating his ideas. He developed the code for his Web server on a NeXT computer. To prevent it being accidentally switched off, the computer had a hand-written label in red ink: \"This machine is a server. DO NOT POWER IT DOWN!!\"\n\n            </p>\n\t\t\t<!--\n\t\t\t\t*** Page Content ***\n\t\t\t\t\n\t\t\t\tA short history of the Web\n\t\t\t\t\n\t\t\t\tWhere the Web was born\n\n\t\t\t\tTim Berners-Lee, a British scientist, invented the World Wide Web (WWW) in 1989, while working at CERN.\t\t\t\n\t\t\t\tGrowing up, Sir Tim was interested in trains and had a model railway in his bedroom. He recalls:\n\n\t\t\t\t“I made some electronic gadgets to control the trains. Then I ended up getting more interested in electronics than trains. Later on, when I was in college I made a computer out of an old television set.”\n\n\t\t\t\tThe basic idea of the WWW was to merge the evolving technologies of computers, data networks and hypertext into a powerful and easy to use global information system.\n\n\n\t\t\t\tHow the Web began\n\n\t\t\t\tTim Berners-Lee wrote the first proposal for the World Wide Web in March 1989 and his second proposal in May 1990. This was formalised as a management proposal in November 1990. This outlined the principal concepts and it defined important terms behind the Web. The document described a \"hypertext project\" called \"WorldWideWeb\" in which a \"web\" of \"hypertext documents\" could be viewed by “browsers”.\n\t\t\t\t\n\t\t\t\tBy the end of 1990, Tim Berners-Lee had the first Web server and browser up and running at CERN, demonstrating his ideas. He developed the code for his Web server on a NeXT computer. To prevent it being accidentally switched off, the computer had a hand-written label in red ink: \"This machine is a server. DO NOT POWER IT DOWN!!\"\n\t\t\t-->\n\t\t</section>\n\t</body>\n</html>"
      }
    },
    "bFNGRyeEysDF8YCYG": {
      "data": {
        "code": "<!DOCTYPE html>\n<html lang=\"en\">\n\t<head>\n\t\t<meta charset=\"utf-8\">\n\t\t<title>Example</title>\n\t</head>\n\t<body>\n\t\t<section>\n\t\t        <title>A short history of the Web</title>\n\t\t         <title>\n\t\t        Where the Web was born\n\t\t        </title>\n\t\t    <p>\n\t\t        Tim Berners-Lee, a British scientist, invented the World Wide Web (WWW) in 1989, while working at CERN.\t\t\t\n\t\t\t\tGrowing up, Sir Tim was interested in trains and had a model railway in his bedroom. He recalls:\n\t\t\t\t<blockquote>“I made some electronic gadgets to control the trains. Then I ended up getting more interested in electronics than trains. Later on, when I was in college I made a computer out of an old television set.”</blockquote>\n\t\t        The basic idea of the WWW was to merge the evolving technologies of computers, data networks and hypertext into a powerful and easy to use global information system.\n\t\t    </p>\n\t\t    <title>\n\t\t        How the Web began\n\t\t    </title>\n\t\t    <p>\n\t\t        Tim Berners-Lee wrote the first proposal for the World Wide Web in March 1989 and his second proposal in May 1990. This was formalised as a management proposal in November 1990. This outlined the principal concepts and it defined important terms behind the Web. The document described a \"hypertext project\" called \"WorldWideWeb\" in which a \"web\" of \"hypertext documents\" could be viewed by “browsers”.\n\t\t\t\t\n\t\t\t\tBy the end of 1990, Tim Berners-Lee had the first Web server and browser up and running at CERN, demonstrating his ideas. He developed the code for his Web server on a NeXT computer. To prevent it being accidentally switched off, the computer had a hand-written label in red ink: \"This machine is a server. DO NOT POWER IT DOWN!!\"\n\t\t    </p>\n\t\t\t<!-- INSERT YOUR MARKUP BELOW -->\n\t\t\t\n\n\t\t\t<!--\n\t\t\t\t*** Page Content ***\n\t\t\t\t\n\t\t\t\tA short history of the Web\n\t\t\t\t\n\t\t\t\tWhere the Web was born\n\n\t\t\t\tTim Berners-Lee, a British scientist, invented the World Wide Web (WWW) in 1989, while working at CERN.\t\t\t\n\t\t\t\tGrowing up, Sir Tim was interested in trains and had a model railway in his bedroom. He recalls:\n\n\t\t\t\t“I made some electronic gadgets to control the trains. Then I ended up getting more interested in electronics than trains. Later on, when I was in college I made a computer out of an old television set.”\n\n\t\t\t\tThe basic idea of the WWW was to merge the evolving technologies of computers, data networks and hypertext into a powerful and easy to use global information system.\n\n\n\t\t\t\tHow the Web began\n\n\t\t\t\tTim Berners-Lee wrote the first proposal for the World Wide Web in March 1989 and his second proposal in May 1990. This was formalised as a management proposal in November 1990. This outlined the principal concepts and it defined important terms behind the Web. The document described a \"hypertext project\" called \"WorldWideWeb\" in which a \"web\" of \"hypertext documents\" could be viewed by “browsers”.\n\t\t\t\t\n\t\t\t\tBy the end of 1990, Tim Berners-Lee had the first Web server and browser up and running at CERN, demonstrating his ideas. He developed the code for his Web server on a NeXT computer. To prevent it being accidentally switched off, the computer had a hand-written label in red ink: \"This machine is a server. DO NOT POWER IT DOWN!!\"\n\t\t\t-->\n\t\t</section>\n\t</body>\n</html>"
      }
    },
    "g5QS8GZ6gaFThnu94": {
      "data": {
        "code": "<!DOCTYPE html>\n<html lang=\"en\">\n\t<head>\n\t\t<meta charset=\"utf-8\">\n\t\t<title>Example</title>\n\t</head>\n\t<body>\n\t\t<section>\n\t\t\t<!-- INSERT YOUR MARKUP BELOW -->\n\t\t\t\n\n\t\t\t<!--\n\t\t\t\t*** Page Content ***\n\t\t\t\t\n\t\t\t\tA short history of the Web\n\t\t\t\t\n\t\t\t\tWhere the Web was born\n\n\t\t\t\tTim Berners-Lee, a British scientist, invented the World Wide Web (WWW) in 1989, while working at CERN.\t\t\t\n\t\t\t\tGrowing up, Sir Tim was interested in trains and had a model railway in his bedroom. He recalls:\n\n\t\t\t\t“I made some electronic gadgets to control the trains. Then I ended up getting more interested in electronics than trains. Later on, when I was in college I made a computer out of an old television set.”\n\n\t\t\t\tThe basic idea of the WWW was to merge the evolving technologies of computers, data networks and hypertext into a powerful and easy to use global information system.\n\n\n\t\t\t\tHow the Web began\n\n\t\t\t\tTim Berners-Lee wrote the first proposal for the World Wide Web in March 1989 and his second proposal in May 1990. This was formalised as a management proposal in November 1990. This outlined the principal concepts and it defined important terms behind the Web. The document described a \"hypertext project\" called \"WorldWideWeb\" in which a \"web\" of \"hypertext documents\" could be viewed by “browsers”.\n\t\t\t\t\n\t\t\t\tBy the end of 1990, Tim Berners-Lee had the first Web server and browser up and running at CERN, demonstrating his ideas. He developed the code for his Web server on a NeXT computer. To prevent it being accidentally switched off, the computer had a hand-written label in red ink: \"This machine is a server. DO NOT POWER IT DOWN!!\"\n\t\t\t-->\n\t\t</section>\n\t</body>\n</html>"
      }
    },
    "hjfHvYz88HrEAiHw7": {
      "data": {
        "code": "<!DOCTYPE html>\n<html lang=\"en\">\n\t<head>\n\t\t<meta charset=\"utf-8\">\n\t\t<title>Example</title>\n\t</head>\n\t<body>\n\t\t<section>\n\t\t\t<!-- INSERT YOUR MARKUP BELOW -->\n\t\t\t\n            <h1>\n                A short history of the Web\n\n            </h1>\n            \n            <h2>\n                Where the Web was born   \n            </h2>\n            \n            <p>\n               Tim Berners-Lee, a British scientist, invented the World Wide Web (WWW) in 1989, while working at CERN.\t\t\t\n\t\t\t\tGrowing up, Sir Tim was interested in trains and had a model railway in his bedroom. He recalls:\n \n            </p>\n            <reversequote>\n                \t\t\t\t“I made some electronic gadgets to control the trains. Then I ended up getting more interested in electronics than trains. Later on, when I was in college I made a computer out of an old television set.”\n\n            </reversequote>\n            \n            <p>\n               \t\t\t\tThe basic idea of the WWW was to merge the evolving technologies of computers, data networks and hypertext into a powerful and easy to use global information system.\n \n            </p>\n            \n            <h2>\n                \t\t\t\tHow the Web began\n\n            </h2>\n            <p>\n                \n\t\t\t\tTim Berners-Lee wrote the first proposal for the World Wide Web in March 1989 and his second proposal in May 1990. This was formalised as a management proposal in November 1990. This outlined the principal concepts and it defined important terms behind the Web. The document described a \"hypertext project\" called \"WorldWideWeb\" in which a \"web\" of \"hypertext documents\" could be viewed by “browsers”.\n\t\t\t\t\n\t\t\t\tBy the end of 1990, Tim Berners-Lee had the first Web server and browser up and running at CERN, demonstrating his ideas. He developed the code for his Web server on a NeXT computer. To prevent it being accidentally switched off, the computer had a hand-written label in red ink: \"This machine is a server. DO NOT POWER IT DOWN!!\"\n\t\t\t-->\n            </p>\n\t\t\t<!--\n\t\t\t\t*** Page Content ***\n\t\t\t\t\n\t\t\t\tA short history of the Web\n\t\t\t\t\n\t\t\t\tWhere the Web was born\n\n\t\t\t\tTim Berners-Lee, a British scientist, invented the World Wide Web (WWW) in 1989, while working at CERN.\t\t\t\n\t\t\t\tGrowing up, Sir Tim was interested in trains and had a model railway in his bedroom. He recalls:\n\n\t\t\t\t“I made some electronic gadgets to control the trains. Then I ended up getting more interested in electronics than trains. Later on, when I was in college I made a computer out of an old television set.”\n\n\t\t\t\tThe basic idea of the WWW was to merge the evolving technologies of computers, data networks and hypertext into a powerful and easy to use global information system.\n\n\n\t\t\t\tHow the Web began\n\n\t\t\t\tTim Berners-Lee wrote the first proposal for the World Wide Web in March 1989 and his second proposal in May 1990. This was formalised as a management proposal in November 1990. This outlined the principal concepts and it defined important terms behind the Web. The document described a \"hypertext project\" called \"WorldWideWeb\" in which a \"web\" of \"hypertext documents\" could be viewed by “browsers”.\n\t\t\t\t\n\t\t\t\tBy the end of 1990, Tim Berners-Lee had the first Web server and browser up and running at CERN, demonstrating his ideas. He developed the code for his Web server on a NeXT computer. To prevent it being accidentally switched off, the computer had a hand-written label in red ink: \"This machine is a server. DO NOT POWER IT DOWN!!\"\n\t\t\t-->\n\t\t</section>\n\t</body>\n</html>"
      }
    },
    "iCcqC5LHLXf5Ja3jK": {
      "data": {
        "code": "<!DOCTYPE html>\n<html lang=\"en\">\n\t<head>\n\t\t<meta charset=\"utf-8\">\n\t\t<title>Example</title>\n\t</head>\n\t<body>\n\t\t<section>\n\t\t\t<!-- INSERT YOUR MARKUP BELOW -->\n\t\t\t\n\t\t\t<h1>A short history of the Web</h1>\n\t\t\t\t\n\t\t\t<h2>\tWhere the Web was born</h2>\n\n\t\t\t\tTim Berners-Lee, a British scientist, invented the World Wide Web (WWW) in 1989, while working at CERN.\t\t\t\n\t\t\t\tGrowing up, Sir Tim was interested in trains and had a model railway in his bedroom. He recalls:\t\t\t\t“I made some electronic gadgets to control the trains. Then I ended up getting more interested in electronics than trains. Later on, when I was in college I made a computer out of an old television set.”\n\n\t\t\t\tThe basic idea of the WWW was to merge the evolving technologies of computers, data networks and hypertext into a powerful and easy to use global information system.\n\n\n\t\t\t\tHow the Web began\n\n\t\t\t\tTim Berners-Lee wrote the first proposal for the World Wide Web in March 1989 and his second proposal in May 1990. This was formalised as a management proposal in November 1990. This outlined the principal concepts and it defined important terms behind the Web. The document described a \"hypertext project\" called \"WorldWideWeb\" in which a \"web\" of \"hypertext documents\" could be viewed by “browsers”.\n\t\t\t\t\n\t\t\t\tBy the end of 1990, Tim Berners-Lee had the first Web server and browser up and running at CERN, demonstrating his ideas. He developed the code for his Web server on a NeXT computer. To prevent it being accidentally switched off, the computer had a hand-written label in red ink: \"This machine is a server. DO NOT POWER IT DOWN!!\"\n\t\t\n\t\t</section>\n\t</body>\n</html>"
      }
    },
    "k2oxfxXXwQszGYgbX": {
      "data": {
        "code": "<!DOCTYPE html>\n<html lang=\"en\">\n\t<head>\n\t\t<meta charset=\"utf-8\">\n\t\t<title>Example</title>\n\t</head>\n\t<body>\n\t\t<section>\n\t\t\t\t\n\t\t\t\t<h1>A short history of the Web</h1>\n\t\t\t\t\n\t\t\t\t<h2>Where the Web was born</h2>\n\n\t\t\t\t<p>Tim Berners-Lee, a British scientist, invented the World Wide Web (WWW) in 1989, while working at CERN.\t\t\t\n\t\t\t\tGrowing up, Sir Tim was interested in trains and had a model railway in his bedroom. He recalls:</p>\n\n\t\t\t\t<blockquote>“I made some electronic gadgets to control the trains. Then I ended up getting more interested in electronics than trains. Later on, when I was in college I made a computer out of an old television set.”</blockquote>\n\n\t\t\t\t<p>The basic idea of the WWW was to merge the evolving technologies of computers, data networks and hypertext into a powerful and easy to use global information system.</p>\n\n\n\t\t\t\t<h2>How the Web began</h2>\n\n\t\t\t\t<p>Tim Berners-Lee wrote the first proposal for the World Wide Web in March 1989 and his second proposal in May 1990. This was formalised as a management proposal in November 1990. This outlined the principal concepts and it defined important terms behind the Web. The document described a \"hypertext project\" called \"WorldWideWeb\" in which a \"web\" of \"hypertext documents\" could be viewed by “browsers”.</p>\n\t\t\t\t\n\t\t\t\t<p>By the end of 1990, Tim Berners-Lee had the first Web server and browser up and running at CERN, demonstrating his ideas. He developed the code for his Web server on a NeXT computer. To prevent it being accidentally switched off, the computer had a hand-written label in red ink: \"This machine is a server. DO NOT POWER IT DOWN!!\"</p>\n\t\t</section>\n\t</body>\n</html>"
      }
    },
    "o5DALaM8AFwY6H4tE": {
      "data": {
        "code": "<!DOCTYPE html>\n<html lang=\"en\">\n\t<head>\n\t\t<meta charset=\"utf-8\">\n\t\t<title>Example</title>\n\t</head>\n\t<body>\n\t\t<section>\n\t\t\t<!-- INSERT YOUR MARKUP BELOW -->\n\t\t\t<h1>A short history of the Web</h1>\n\t\t\t<h2>Where the Web was born</h2>\n\t\t\t<p>Tim Berners-Lee, a British scientist, invented the World Wide Web (WWW) in 1989, while working at CERN.\t\t\t\n\t\t\t\tGrowing up, Sir Tim was interested in trains and had a model railway in his bedroom. He recalls:</p>\n\t\t\t\t\n\t\t\t<blockquote>I made some electronic gadgets to control the trains. Then I ended up getting more interested in electronics than trains. Later on, when I was in college I made a computer out of an old television set.</blockquote>\n\n            <p>The basic idea of the WWW was to merge the evolving technologies of computers, data networks and hypertext into a powerful and easy to use global information system.</p>\n\t\t\t\n\t\t\t<h2>How the Web began</h2>\n\t\t\t<p>\tTim Berners-Lee wrote the first proposal for the World Wide Web in March 1989 and his second proposal in May 1990. This was formalised as a management proposal in November 1990. This outlined the principal concepts and it defined important terms behind the Web. The document described a \"hypertext project\" called \"WorldWideWeb\" in which a \"web\" of \"hypertext documents\" could be viewed by “browsers”.</p>\n\t\t\t<p>By the end of 1990, Tim Berners-Lee had the first Web server and browser up and running at CERN, demonstrating his ideas. He developed the code for his Web server on a NeXT computer. To prevent it being accidentally switched off, the computer had a hand-written label in red ink: \"This machine is a server. DO NOT POWER IT DOWN!!\"</p>\n\t\t\t<!--\n\t\t\t\t*** Page Content ***\n\t\t\t\t\n\t\t\t\tA short history of the Web\n\t\t\t\t\n\t\t\t\tWhere the Web was born\n\n\t\t\t\tTim Berners-Lee, a British scientist, invented the World Wide Web (WWW) in 1989, while working at CERN.\t\t\t\n\t\t\t\tGrowing up, Sir Tim was interested in trains and had a model railway in his bedroom. He recalls:\n\n\t\t\t\t“I made some electronic gadgets to control the trains. Then I ended up getting more interested in electronics than trains. Later on, when I was in college I made a computer out of an old television set.”\n\n\t\t\t\tThe basic idea of the WWW was to merge the evolving technologies of computers, data networks and hypertext into a powerful and easy to use global information system.\n\n\n\t\t\t\tHow the Web began\n\n\t\t\t\tTim Berners-Lee wrote the first proposal for the World Wide Web in March 1989 and his second proposal in May 1990. This was formalised as a management proposal in November 1990. This outlined the principal concepts and it defined important terms behind the Web. The document described a \"hypertext project\" called \"WorldWideWeb\" in which a \"web\" of \"hypertext documents\" could be viewed by “browsers”.\n\t\t\t\t\n\t\t\t\tBy the end of 1990, Tim Berners-Lee had the first Web server and browser up and running at CERN, demonstrating his ideas. He developed the code for his Web server on a NeXT computer. To prevent it being accidentally switched off, the computer had a hand-written label in red ink: \"This machine is a server. DO NOT POWER IT DOWN!!\"\n\t\t\t-->\n\t\t</section>\n\t</body>\n</html>"
      }
    },
    "w47e4oqeyEuQFBYaD": {
      "data": {
        "code": "<!DOCTYPE html>\n<html lang=\"en\">\n\t<head>\n\t\t<meta charset=\"utf-8\">\n\t\t<title>Example</title>\n\t</head>\n\t<body>\n\t\t<section>\n\t\t\t<!-- INSERT YOUR MARKUP BELOW -->\n\t\t\t\n\n\t\t\t<!--\n\t\t\t\t*** Page Content ***\n\t\t\t\t\n\t\t\t\tA short history of the Web\n\t\t\t\t\n\t\t\t\tWhere the Web was born\n\n\t\t\t\tTim Berners-Lee, a British scientist, invented the World Wide Web (WWW) in 1989, while working at CERN.\t\t\t\n\t\t\t\tGrowing up, Sir Tim was interested in trains and had a model railway in his bedroom. He recalls:\n\n\t\t\t\t“I made some electronic gadgets to control the trains. Then I ended up getting more interested in electronics than trains. Later on, when I was in college I made a computer out of an old television set.”\n\n\t\t\t\tThe basic idea of the WWW was to merge the evolving technologies of computers, data networks and hypertext into a powerful and easy to use global information system.\n\n\n\t\t\t\tHow the Web began\n\n\t\t\t\tTim Berners-Lee wrote the first proposal for the World Wide Web in March 1989 and his second proposal in May 1990. This was formalised as a management proposal in November 1990. This outlined the principal concepts and it defined important terms behind the Web. The document described a \"hypertext project\" called \"WorldWideWeb\" in which a \"web\" of \"hypertext documents\" could be viewed by “browsers”.\n\t\t\t\t\n\t\t\t\tBy the end of 1990, Tim Berners-Lee had the first Web server and browser up and running at CERN, demonstrating his ideas. He developed the code for his Web server on a NeXT computer. To prevent it being accidentally switched off, the computer had a hand-written label in red ink: \"This machine is a server. DO NOT POWER IT DOWN!!\"\n\t\t\t-->\n\t\t</section>\n\t</body>\n</html>"
      }
    },
    "xGGhgoi8Lr67HZvga": {
      "data": {
        "code": "<!DOCTYPE html>\n<html lang=\"en\">\n\t<head>\n\t\t<meta charset=\"utf-8\">\n\t\t<title>Example</title>\n\t</head>\n\t<body>\n\t\t<section>\n\t\t    <h1>\n\t\t        A short history of the Web\n\t\t    </h1>\n\t\t    <p> \n\t\t\t\t\n\t\t\t\tWhere the Web was born\n\n\t\t\t\tTim Berners-Lee, a British scientist, invented the World Wide Web (WWW) in 1989, while working at CERN.\t\t\t\n\t\t\t\tGrowing up, Sir Tim was interested in trains and had a model railway in his bedroom. He recalls:\n\n\t\t\t\t“I made some electronic gadgets to control the trains. Then I ended up getting more interested in electronics than trains. Later on, when I was in college I made a computer out of an old television set.”\n\n\t\t\t\tThe basic idea of the WWW was to merge the evolving technologies of computers, data networks and hypertext into a powerful and easy to use global information system.\n\n\n\t\t\t\tHow the Web began\n\n\t\t\t\tTim Berners-Lee wrote the first proposal for the World Wide Web in March 1989 and his second proposal in May 1990. This was formalised as a management proposal in November 1990. This outlined the principal concepts and it defined important terms behind the Web. The document described a \"hypertext project\" called \"WorldWideWeb\" in which a \"web\" of \"hypertext documents\" could be viewed by “browsers”.\n\t\t\t\t\n\t\t\t\tBy the end of 1990, Tim Berners-Lee had the first Web server and browser up and running at CERN, demonstrating his ideas. He developed the code for his Web server on a NeXT computer. To prevent it being accidentally switched off, the computer had a hand-written label in red ink: \"This machine is a server. DO NOT POWER IT DOWN!!\"</p>\n\t\t    \n\t\t\t<!-- INSERT YOUR MARKUP BELOW -->\n\t\t\t\n\n\t\t\t<!--\n\t\t\t\t*** Page Content ***\n\t\t\t\t\n\t\t\t\tA short history of the Web\n\t\t\t\t\n\t\t\t\tWhere the Web was born\n\n\t\t\t\tTim Berners-Lee, a British scientist, invented the World Wide Web (WWW) in 1989, while working at CERN.\t\t\t\n\t\t\t\tGrowing up, Sir Tim was interested in trains and had a model railway in his bedroom. He recalls:\n\n\t\t\t\t“I made some electronic gadgets to control the trains. Then I ended up getting more interested in electronics than trains. Later on, when I was in college I made a computer out of an old television set.”\n\n\t\t\t\tThe basic idea of the WWW was to merge the evolving technologies of computers, data networks and hypertext into a powerful and easy to use global information system.\n\n\n\t\t\t\tHow the Web began\n\n\t\t\t\tTim Berners-Lee wrote the first proposal for the World Wide Web in March 1989 and his second proposal in May 1990. This was formalised as a management proposal in November 1990. This outlined the principal concepts and it defined important terms behind the Web. The document described a \"hypertext project\" called \"WorldWideWeb\" in which a \"web\" of \"hypertext documents\" could be viewed by “browsers”.\n\t\t\t\t\n\t\t\t\tBy the end of 1990, Tim Berners-Lee had the first Web server and browser up and running at CERN, demonstrating his ideas. He developed the code for his Web server on a NeXT computer. To prevent it being accidentally switched off, the computer had a hand-written label in red ink: \"This machine is a server. DO NOT POWER IT DOWN!!\"\n\t\t\t-->\n\t\t</section>\n\t</body>\n</html>"
      }
    },
    "znza2WvWyiBTfdzab": {
      "data": {
        "code": "<!DOCTYPE html>\n<html lang=\"en\">\n\t<head>\n\t\t<meta charset=\"utf-8\">\n\t\t<title>Example</title>\n\t</head>\n\t<body>\n\t\t<section>\n\t\t\t<!-- INSERT YOUR MARKUP BELOW -->\n\t\t\t<h1>A short history of the Web</h1>\n\t\t\t<h2>Where the Web was born</h2>\n\t\t\t<p>Tim Berners-Lee, a British scientist, invented the World Wide Web (WWW) in 1989, while working at CERN.\t\t\t\n\t\t\t\tGrowing up, Sir Tim was interested in trains and had a model railway in his bedroom. He recalls:</p>\n\t\t\t<blockquote>“I made some electronic gadgets to control the trains. Then I ended up getting more interested in electronics than trains. Later on, when I was in college I made a computer out of an old television set.”</blockquote>\n\t\t\t<p>The basic idea of the WWW was to merge the evolving technologies of computers, data networks and hypertext into a powerful and easy to use global information system.</p>\n\t\t\t<h2>How the Web began</h2>\n\t\t\t<p>Tim Berners-Lee wrote the first proposal for the World Wide Web in March 1989 and his second proposal in May 1990. This was formalised as a management proposal in November 1990. This outlined the principal concepts and it defined important terms behind the Web. The document described a \"hypertext project\" called \"WorldWideWeb\" in which a \"web\" of \"hypertext documents\" could be viewed by “browsers”.</p>\n\t\t\t<p>By the end of 1990, Tim Berners-Lee had the first Web server and browser up and running at CERN, demonstrating his ideas. He developed the code for his Web server on a NeXT computer. To prevent it being accidentally switched off, the computer had a hand-written label in red ink: \"This machine is a server. DO NOT POWER IT DOWN!!\"</p>\n\n\t\t\t<!--\n\t\t\t\t*** Page Content ***\n\t\t\t\t\n\t\t\t\tA short history of the Web\n\t\t\t\t\n\t\t\t\tWhere the Web was born\n\n\t\t\t\tTim Berners-Lee, a British scientist, invented the World Wide Web (WWW) in 1989, while working at CERN.\t\t\t\n\t\t\t\tGrowing up, Sir Tim was interested in trains and had a model railway in his bedroom. He recalls:\n\n\t\t\t\t“I made some electronic gadgets to control the trains. Then I ended up getting more interested in electronics than trains. Later on, when I was in college I made a computer out of an old television set.”\n\n\t\t\t\tThe basic idea of the WWW was to merge the evolving technologies of computers, data networks and hypertext into a powerful and easy to use global information system.\n\n\n\t\t\t\tHow the Web began\n\n\t\t\t\tTim Berners-Lee wrote the first proposal for the World Wide Web in March 1989 and his second proposal in May 1990. This was formalised as a management proposal in November 1990. This outlined the principal concepts and it defined important terms behind the Web. The document described a \"hypertext project\" called \"WorldWideWeb\" in which a \"web\" of \"hypertext documents\" could be viewed by “browsers”.\n\t\t\t\t\n\t\t\t\tBy the end of 1990, Tim Berners-Lee had the first Web server and browser up and running at CERN, demonstrating his ideas. He developed the code for his Web server on a NeXT computer. To prevent it being accidentally switched off, the computer had a hand-written label in red ink: \"This machine is a server. DO NOT POWER IT DOWN!!\"\n\t\t\t-->\n\t\t</section>\n\t</body>\n</html>"
      }
    },
    "zziBcRA4iFysNPizw": {
      "data": {
        "code": "<!DOCTYPE html>\n<html lang=\"en\">\n\t<head>\n\t\t<meta charset=\"utf-8\">\n\t\t<title>Example</title>\n\t</head>\n\t<body>\n\t\t<section>\n\t\t\t<!-- INSERT YOUR MARKUP BELOW -->\n\t\t\t\t\n\t\t\t\t<h1>A SHORT HISTORY OF THE WEB</h1>\n\t\t\t\t\n\t\t\t\t<h2>WHERE THE WEB WAS BORN</h2>\n\n\t\t\t\t<p>\n\t\t\t\t    TIM BERNERS-LEE, A BRITISH SCIENTIST, INVENTED THE WORLD WIDE WEB (WWW) IN 1989, WHILE WORKING AT CERN.\t\t\t\n\t\t\t\t    GROWING UP, SIR TIM WAS INTERESTED IN TRAINS AND HAD A MODEL RAILWAY IN HIS BEDROOM. HE RECALLS:\n\n\t\t\t\t    “I MADE SOME ELECTRONIC GADGETS TO CONTROL THE TRAINS. THEN I ENDED UP GETTING MORE INTERESTED IN ELECTRONICS THAN TRAINS. LATER ON, WHEN I WAS IN COLLEGE I MADE A COMPUTER OUT OF AN OLD TELEVISION SET.”\n\n\t\t\t\t    THE BASIC IDEA OF THE WWW WAS TO MERGE THE EVOLVING TECHNOLOGIES OF COMPUTERS, DATA NETWORKS AND HYPERTEXT INTO A POWERFUL AND EASY TO USE GLOBAL INFORMATION SYSTEM.\n                </p>\n\n\t\t\t\t<h2>HOW THE WEB BEGAN</h2>\n\n                <p>\n\t\t\t\t    TIM BERNERS-LEE WROTE THE FIRST PROPOSAL FOR THE WORLD WIDE WEB IN MARCH 1989 AND HIS SECOND PROPOSAL IN MAY 1990. THIS WAS FORMALISED AS A MANAGEMENT PROPOSAL IN NOVEMBER 1990. THIS OUTLINED THE PRINCIPAL CONCEPTS AND IT DEFINED IMPORTANT TERMS BEHIND THE WEB. THE DOCUMENT DESCRIBED A \"HYPERTEXT PROJECT\" CALLED \"WORLDWIDEWEB\" IN WHICH A \"WEB\" OF \"HYPERTEXT DOCUMENTS\" COULD BE VIEWED BY “BROWSERS”.\n\t\t\t\t\n\t\t\t\t    BY THE END OF 1990, TIM BERNERS-LEE HAD THE FIRST WEB SERVER AND BROWSER UP AND RUNNING AT CERN, DEMONSTRATING HIS IDEAS. HE DEVELOPED THE CODE FOR HIS WEB SERVER ON A NEXT COMPUTER. TO PREVENT IT BEING ACCIDENTALLY SWITCHED OFF, THE COMPUTER HAD A HAND-WRITTEN LABEL IN RED INK: \"THIS MACHINE IS A SERVER. DO NOT POWER IT DOWN!!\"\n\t\t        </p>\n\t\t</section>\n\t</body>\n</html>"
      }
    }
  }
}