{
  "structure": "individual",
  "payload": {
    "28AYQLYnkgBi5uKXN": {
      "data": {
        "questions": [
          "<p>Do you have any idea what HTML is about?</p>",
          "<p>Do you have any experience with writing HTML?</p>",
          "<p>Have you previously taken a course or a tutorial about HTML or web development in general?</p>",
          "<p>Have you used any front-end web-development frameworks before (like Vue.js, React, Angular)?</p>"
        ],
        "answers": ["Yes", "Yes", "Yes", "Yes"],
        "answersIndex": [0, 0, 0, 0],
        "maxCorrect": 4,
        "coordinates": {"x": 0, "y": 0},
        "msg": "Andrea Sebastien Scalisi answered the questions as follows: Do you have any idea what HTML is about? Yes.  Do you have any experience with writing HTML? Yes.  Have you previously taken a course or a tutorial about HTML or web development in general? Yes.  Have you used any front-end web-development frameworks before (like Vue.js, React, Angular)? Yes.",
        "form": {
          "0": {"0": true, "text": ""},
          "1": {"0": true, "text": ""},
          "2": {"0": true, "text": ""},
          "3": {"0": true, "text": ""}
        }
      }
    },
    "2bcTjnfNuKp5hJcyK": {
      "data": {
        "questions": [
          "<p>Do you have any idea what HTML is about?</p>",
          "<p>Do you have any experience with writing HTML?</p>",
          "<p>Have you previously taken a course or a tutorial about HTML or web development in general?</p>",
          "<p>Have you used any front-end web-development frameworks before (like Vue.js, React, Angular)?</p>"
        ],
        "answers": ["Yes", "No", "No", "No"],
        "answersIndex": [0, 1, 1, 1],
        "maxCorrect": 4,
        "coordinates": {"x": 0, "y": 0},
        "msg": "Xiao Zhou answered the questions as follows: Do you have any idea what HTML is about? Yes.  Do you have any experience with writing HTML? No.  Have you previously taken a course or a tutorial about HTML or web development in general? No.  Have you used any front-end web-development frameworks before (like Vue.js, React, Angular)? No.",
        "form": {
          "0": {"0": true, "text": ""},
          "1": {"1": true, "text": ""},
          "2": {"1": true, "text": ""},
          "3": {"1": true, "text": ""}
        }
      }
    },
    "53TwXKQe62kT2tnRp": {
      "data": {
        "questions": [
          "<p>Do you have any idea what HTML is about?</p>",
          "<p>Do you have any experience with writing HTML?</p>",
          "<p>Have you previously taken a course or a tutorial about HTML or web development in general?</p>",
          "<p>Have you used any front-end web-development frameworks before (like Vue.js, React, Angular)?</p>"
        ],
        "answers": ["Yes", "Yes", "Yes", "Yes"],
        "answersIndex": [0, 0, 0, 0],
        "maxCorrect": 4,
        "coordinates": {"x": 0, "y": 0},
        "msg": "Thanh Loïc Nguyen answered the questions as follows: Do you have any idea what HTML is about? Yes.  Do you have any experience with writing HTML? Yes.  Have you previously taken a course or a tutorial about HTML or web development in general? Yes.  Have you used any front-end web-development frameworks before (like Vue.js, React, Angular)? Yes.",
        "form": {
          "0": {"0": true, "text": ""},
          "1": {"0": true, "text": ""},
          "2": {"0": true, "text": ""},
          "3": {"0": true, "text": ""}
        }
      }
    },
    "Aw4gxBApCsdMueCwk": {
      "data": {
        "questions": [
          "<p>Do you have any idea what HTML is about?</p>",
          "<p>Do you have any experience with writing HTML?</p>",
          "<p>Have you previously taken a course or a tutorial about HTML or web development in general?</p>",
          "<p>Have you used any front-end web-development frameworks before (like Vue.js, React, Angular)?</p>"
        ],
        "answers": ["Yes", "Yes", "Yes", "No"],
        "answersIndex": [0, 0, 0, 1],
        "maxCorrect": 4,
        "coordinates": {"x": 0, "y": 0},
        "msg": "Arnaud Jean Pierre-François Brigitte Duvieusart answered the questions as follows: Do you have any idea what HTML is about? Yes.  Do you have any experience with writing HTML? Yes.  Have you previously taken a course or a tutorial about HTML or web development in general? Yes.  Have you used any front-end web-development frameworks before (like Vue.js, React, Angular)? No.",
        "form": {
          "0": {"0": true, "text": ""},
          "1": {"0": true, "text": ""},
          "2": {"0": true, "text": ""},
          "3": {"1": true, "text": ""}
        }
      }
    },
    "BMjGCT4wEQuYNyTiS": {
      "data": {
        "questions": [
          "<p>Do you have any idea what HTML is about?</p>",
          "<p>Do you have any experience with writing HTML?</p>",
          "<p>Have you previously taken a course or a tutorial about HTML or web development in general?</p>",
          "<p>Have you used any front-end web-development frameworks before (like Vue.js, React, Angular)?</p>"
        ],
        "answers": ["Yes", "Yes", "Yes", "Yes"],
        "answersIndex": [0, 0, 0, 0],
        "maxCorrect": 4,
        "coordinates": {"x": 0, "y": 0},
        "msg": "Isitan Gorkey answered the questions as follows: Do you have any idea what HTML is about? Yes.  Do you have any experience with writing HTML? Yes.  Have you previously taken a course or a tutorial about HTML or web development in general? Yes.  Have you used any front-end web-development frameworks before (like Vue.js, React, Angular)? Yes.",
        "form": {
          "0": {"0": true, "text": ""},
          "1": {"0": true, "text": ""},
          "2": {"0": true, "text": ""},
          "3": {"0": true, "text": ""}
        }
      }
    },
    "C23vEwAz5F76NjERx": {
      "data": {
        "questions": [
          "<p>Do you have any idea what HTML is about?</p>",
          "<p>Do you have any experience with writing HTML?</p>",
          "<p>Have you previously taken a course or a tutorial about HTML or web development in general?</p>",
          "<p>Have you used any front-end web-development frameworks before (like Vue.js, React, Angular)?</p>"
        ],
        "answers": ["Yes", "Yes", "Yes", "No"],
        "answersIndex": [0, 0, 0, 1],
        "maxCorrect": 4,
        "coordinates": {"x": 0, "y": 0},
        "msg": "Lua Streit answered the questions as follows: Do you have any idea what HTML is about? Yes.  Do you have any experience with writing HTML? Yes.  Have you previously taken a course or a tutorial about HTML or web development in general? Yes.  Have you used any front-end web-development frameworks before (like Vue.js, React, Angular)? No.",
        "form": {
          "0": {"0": true, "text": ""},
          "1": {"0": true, "text": ""},
          "2": {"0": true, "text": ""},
          "3": {"1": true, "text": ""}
        }
      }
    },
    "Gv7QyY2nyFbAQadHu": {
      "data": {
        "questions": [
          "<p>Do you have any idea what HTML is about?</p>",
          "<p>Do you have any experience with writing HTML?</p>",
          "<p>Have you previously taken a course or a tutorial about HTML or web development in general?</p>",
          "<p>Have you used any front-end web-development frameworks before (like Vue.js, React, Angular)?</p>"
        ],
        "answers": ["Yes", "Yes", "No", "No"],
        "answersIndex": [0, 0, 1, 1],
        "maxCorrect": 4,
        "coordinates": {"x": 0, "y": 0},
        "msg": "Alexis Philippe Marie Mermet answered the questions as follows: Do you have any idea what HTML is about? Yes.  Do you have any experience with writing HTML? Yes.  Have you previously taken a course or a tutorial about HTML or web development in general? No.  Have you used any front-end web-development frameworks before (like Vue.js, React, Angular)? No.",
        "form": {
          "0": {"0": true, "text": ""},
          "1": {"0": true, "text": ""},
          "2": {"1": true, "text": ""},
          "3": {"1": true, "text": ""}
        }
      }
    },
    "NEJpZWwLZ4dzzvYh7": {
      "data": {
        "questions": [
          "<p>Do you have any idea what HTML is about?</p>",
          "<p>Do you have any experience with writing HTML?</p>",
          "<p>Have you previously taken a course or a tutorial about HTML or web development in general?</p>",
          "<p>Have you used any front-end web-development frameworks before (like Vue.js, React, Angular)?</p>"
        ],
        "answers": ["Yes", "Yes", "No", "No"],
        "answersIndex": [0, 0, 1, 1],
        "maxCorrect": 4,
        "coordinates": {"x": 0, "y": 0},
        "msg": "Victor Louis René Jean Taburet answered the questions as follows: Do you have any idea what HTML is about? Yes.  Do you have any experience with writing HTML? Yes.  Have you previously taken a course or a tutorial about HTML or web development in general? No.  Have you used any front-end web-development frameworks before (like Vue.js, React, Angular)? No.",
        "form": {
          "0": {"0": true, "text": ""},
          "1": {"0": true, "text": ""},
          "2": {"1": true, "text": ""},
          "3": {"1": true, "text": ""}
        }
      }
    },
    "PdmCgSRv3kmfWwA3a": {
      "data": {
        "questions": [
          "<p>Do you have any idea what HTML is about?</p>",
          "<p>Do you have any experience with writing HTML?</p>",
          "<p>Have you previously taken a course or a tutorial about HTML or web development in general?</p>",
          "<p>Have you used any front-end web-development frameworks before (like Vue.js, React, Angular)?</p>"
        ],
        "answers": [null, null, null, null],
        "answersIndex": [-1, -1, -1, -1],
        "maxCorrect": 4,
        "coordinates": {"x": 0, "y": 0},
        "form": {
          "0": {"text": ""},
          "1": {"text": ""},
          "2": {"text": ""},
          "3": {"text": ""}
        }
      }
    },
    "PqdvC3XWpMyWFqire": {
      "data": {
        "questions": [
          "<p>Do you have any idea what HTML is about?</p>",
          "<p>Do you have any experience with writing HTML?</p>",
          "<p>Have you previously taken a course or a tutorial about HTML or web development in general?</p>",
          "<p>Have you used any front-end web-development frameworks before (like Vue.js, React, Angular)?</p>"
        ],
        "answers": ["Yes", "No", "No", "No"],
        "answersIndex": [0, 1, 1, 1],
        "maxCorrect": 4,
        "coordinates": {"x": 0, "y": 0},
        "msg": "Robin Leurent answered the questions as follows: Do you have any idea what HTML is about? Yes.  Do you have any experience with writing HTML? No.  Have you previously taken a course or a tutorial about HTML or web development in general? No.  Have you used any front-end web-development frameworks before (like Vue.js, React, Angular)? No.",
        "form": {
          "0": {"0": true, "text": ""},
          "1": {"1": true, "text": ""},
          "2": {"1": true, "text": ""},
          "3": {"1": true, "text": ""}
        }
      }
    },
    "PrjgtRBCGbqJoZ3HN": {
      "data": {
        "questions": [
          "<p>Do you have any idea what HTML is about?</p>",
          "<p>Do you have any experience with writing HTML?</p>",
          "<p>Have you previously taken a course or a tutorial about HTML or web development in general?</p>",
          "<p>Have you used any front-end web-development frameworks before (like Vue.js, React, Angular)?</p>"
        ],
        "answers": ["Yes", "No", "No", "No"],
        "answersIndex": [0, 1, 1, 1],
        "maxCorrect": 4,
        "coordinates": {"x": 0, "y": 0},
        "msg": "Jade Maï L Cock answered the questions as follows: Do you have any idea what HTML is about? Yes.  Do you have any experience with writing HTML? No.  Have you previously taken a course or a tutorial about HTML or web development in general? No.  Have you used any front-end web-development frameworks before (like Vue.js, React, Angular)? No.",
        "form": {
          "0": {"0": true, "text": ""},
          "1": {"1": true, "text": ""},
          "2": {"1": true, "text": ""},
          "3": {"1": true, "text": ""}
        }
      }
    },
    "QpTfa3muPPMBFR9Pp": {
      "data": {
        "questions": [
          "<p>Do you have any idea what HTML is about?</p>",
          "<p>Do you have any experience with writing HTML?</p>",
          "<p>Have you previously taken a course or a tutorial about HTML or web development in general?</p>",
          "<p>Have you used any front-end web-development frameworks before (like Vue.js, React, Angular)?</p>"
        ],
        "answers": ["Yes", "Yes", "Yes", "Yes"],
        "answersIndex": [0, 0, 0, 0],
        "maxCorrect": 4,
        "coordinates": {"x": 0, "y": 0},
        "msg": "Maja Stamenkovic answered the questions as follows: Do you have any idea what HTML is about? Yes.  Do you have any experience with writing HTML? Yes.  Have you previously taken a course or a tutorial about HTML or web development in general? Yes.  Have you used any front-end web-development frameworks before (like Vue.js, React, Angular)? Yes.",
        "form": {
          "0": {"0": true, "text": ""},
          "1": {"0": true, "text": ""},
          "2": {"0": true, "text": ""},
          "3": {"0": true, "text": ""}
        }
      }
    },
    "Sp3JZtnPt2G6W7a32": {
      "data": {
        "questions": [
          "<p>Do you have any idea what HTML is about?</p>",
          "<p>Do you have any experience with writing HTML?</p>",
          "<p>Have you previously taken a course or a tutorial about HTML or web development in general?</p>",
          "<p>Have you used any front-end web-development frameworks before (like Vue.js, React, Angular)?</p>"
        ],
        "answers": ["Yes", "Yes", "No", "No"],
        "answersIndex": [0, 0, 1, 1],
        "maxCorrect": 4,
        "coordinates": {"x": 0, "y": 0},
        "msg": "Johan Per Alexandre Lanzrein answered the questions as follows: Do you have any idea what HTML is about? Yes.  Do you have any experience with writing HTML? Yes.  Have you previously taken a course or a tutorial about HTML or web development in general? No.  Have you used any front-end web-development frameworks before (like Vue.js, React, Angular)? No.",
        "form": {
          "0": {"0": true, "text": ""},
          "1": {"0": true, "text": ""},
          "2": {"1": true, "text": ""},
          "3": {"1": true, "text": ""}
        }
      }
    },
    "Ystaypp7AmJ4wYvsM": {
      "data": {
        "questions": [
          "<p>Do you have any idea what HTML is about?</p>",
          "<p>Do you have any experience with writing HTML?</p>",
          "<p>Have you previously taken a course or a tutorial about HTML or web development in general?</p>",
          "<p>Have you used any front-end web-development frameworks before (like Vue.js, React, Angular)?</p>"
        ],
        "answers": ["Yes", "Yes", "Yes", "Yes"],
        "answersIndex": [0, 0, 0, 0],
        "maxCorrect": 4,
        "coordinates": {"x": 0, "y": 0},
        "msg": "Jeremy Olivier Mion answered the questions as follows: Do you have any idea what HTML is about? Yes.  Do you have any experience with writing HTML? Yes.  Have you previously taken a course or a tutorial about HTML or web development in general? Yes.  Have you used any front-end web-development frameworks before (like Vue.js, React, Angular)? Yes.",
        "form": {
          "0": {"0": true, "text": ""},
          "1": {"0": true, "text": ""},
          "2": {"0": true, "text": ""},
          "3": {"0": true, "text": ""}
        }
      }
    },
    "YvCdYm3zReNZzrtNs": {
      "data": {
        "questions": [
          "<p>Do you have any idea what HTML is about?</p>",
          "<p>Do you have any experience with writing HTML?</p>",
          "<p>Have you previously taken a course or a tutorial about HTML or web development in general?</p>",
          "<p>Have you used any front-end web-development frameworks before (like Vue.js, React, Angular)?</p>"
        ],
        "answers": ["Yes", "No", "No", "No"],
        "answersIndex": [0, 1, 1, 1],
        "maxCorrect": 4,
        "coordinates": {"x": 0, "y": 0},
        "msg": "Timur Nikita Lavrov answered the questions as follows: Do you have any idea what HTML is about? Yes.  Do you have any experience with writing HTML? No.  Have you previously taken a course or a tutorial about HTML or web development in general? No.  Have you used any front-end web-development frameworks before (like Vue.js, React, Angular)? No.",
        "form": {
          "0": {"0": true, "text": ""},
          "1": {"1": true, "text": ""},
          "2": {"1": true, "text": ""},
          "3": {"1": true, "text": ""}
        }
      }
    },
    "bFNGRyeEysDF8YCYG": {
      "data": {
        "questions": [
          "<p>Do you have any idea what HTML is about?</p>",
          "<p>Do you have any experience with writing HTML?</p>",
          "<p>Have you previously taken a course or a tutorial about HTML or web development in general?</p>",
          "<p>Have you used any front-end web-development frameworks before (like Vue.js, React, Angular)?</p>"
        ],
        "answers": ["Yes", "Yes", "Yes", "Yes"],
        "answersIndex": [0, 0, 0, 0],
        "maxCorrect": 4,
        "coordinates": {"x": 0, "y": 0},
        "msg": "Elias Hariz answered the questions as follows: Do you have any idea what HTML is about? Yes.  Do you have any experience with writing HTML? Yes.  Have you previously taken a course or a tutorial about HTML or web development in general? Yes.  Have you used any front-end web-development frameworks before (like Vue.js, React, Angular)? Yes.",
        "form": {
          "0": {"0": true, "text": ""},
          "1": {"0": true, "text": ""},
          "2": {"0": true, "text": ""},
          "3": {"0": true, "text": ""}
        }
      }
    },
    "hjfHvYz88HrEAiHw7": {
      "data": {
        "questions": [
          "<p>Do you have any idea what HTML is about?</p>",
          "<p>Do you have any experience with writing HTML?</p>",
          "<p>Have you previously taken a course or a tutorial about HTML or web development in general?</p>",
          "<p>Have you used any front-end web-development frameworks before (like Vue.js, React, Angular)?</p>"
        ],
        "answers": ["Yes", "No", "No", "No"],
        "answersIndex": [0, 1, 1, 1],
        "maxCorrect": 4,
        "coordinates": {"x": 0, "y": 0},
        "msg": "Marie Mouna Reignier Tayar answered the questions as follows: Do you have any idea what HTML is about? Yes.  Do you have any experience with writing HTML? No.  Have you previously taken a course or a tutorial about HTML or web development in general? No.  Have you used any front-end web-development frameworks before (like Vue.js, React, Angular)? No.",
        "form": {
          "0": {"0": true, "text": ""},
          "1": {"1": true, "text": ""},
          "2": {"1": true, "text": ""},
          "3": {"1": true, "text": ""}
        }
      }
    },
    "iCcqC5LHLXf5Ja3jK": {
      "data": {
        "questions": [
          "<p>Do you have any idea what HTML is about?</p>",
          "<p>Do you have any experience with writing HTML?</p>",
          "<p>Have you previously taken a course or a tutorial about HTML or web development in general?</p>",
          "<p>Have you used any front-end web-development frameworks before (like Vue.js, React, Angular)?</p>"
        ],
        "answers": ["Yes", "Yes", "No", "No"],
        "answersIndex": [0, 0, 1, 1],
        "maxCorrect": 4,
        "coordinates": {"x": 0, "y": 0},
        "msg": "Anton Soldatenkov answered the questions as follows: Do you have any idea what HTML is about? Yes.  Do you have any experience with writing HTML? Yes.  Have you previously taken a course or a tutorial about HTML or web development in general? No.  Have you used any front-end web-development frameworks before (like Vue.js, React, Angular)? No.",
        "form": {
          "0": {"0": true, "text": ""},
          "1": {"0": true, "text": ""},
          "2": {"1": true, "text": ""},
          "3": {"1": true, "text": ""}
        }
      }
    },
    "k2oxfxXXwQszGYgbX": {
      "data": {
        "questions": [
          "<p>Do you have any idea what HTML is about?</p>",
          "<p>Do you have any experience with writing HTML?</p>",
          "<p>Have you previously taken a course or a tutorial about HTML or web development in general?</p>",
          "<p>Have you used any front-end web-development frameworks before (like Vue.js, React, Angular)?</p>"
        ],
        "answers": ["Yes", "Yes", "Yes", "No"],
        "answersIndex": [0, 0, 0, 1],
        "maxCorrect": 4,
        "coordinates": {"x": 0, "y": 0},
        "msg": "Maxime Quentin Pisa answered the questions as follows: Do you have any idea what HTML is about? Yes.  Do you have any experience with writing HTML? Yes.  Have you previously taken a course or a tutorial about HTML or web development in general? Yes.  Have you used any front-end web-development frameworks before (like Vue.js, React, Angular)? No.",
        "form": {
          "0": {"0": true, "text": ""},
          "1": {"0": true, "text": ""},
          "2": {"0": true, "text": ""},
          "3": {"1": true, "text": ""}
        }
      }
    },
    "o5DALaM8AFwY6H4tE": {
      "data": {
        "questions": [
          "<p>Do you have any idea what HTML is about?</p>",
          "<p>Do you have any experience with writing HTML?</p>",
          "<p>Have you previously taken a course or a tutorial about HTML or web development in general?</p>",
          "<p>Have you used any front-end web-development frameworks before (like Vue.js, React, Angular)?</p>"
        ],
        "answers": ["Yes", "No", "No", "No"],
        "answersIndex": [0, 1, 1, 1],
        "maxCorrect": 4,
        "coordinates": {"x": 0, "y": 0},
        "msg": "David Joaquim Da Rocha Rodrigues answered the questions as follows: Do you have any idea what HTML is about? Yes.  Do you have any experience with writing HTML? No.  Have you previously taken a course or a tutorial about HTML or web development in general? No.  Have you used any front-end web-development frameworks before (like Vue.js, React, Angular)? No.",
        "form": {
          "0": {"0": true, "text": ""},
          "1": {"1": true, "text": ""},
          "2": {"1": true, "text": ""},
          "3": {"1": true, "text": ""}
        }
      }
    },
    "xGGhgoi8Lr67HZvga": {
      "data": {
        "questions": [
          "<p>Do you have any idea what HTML is about?</p>",
          "<p>Do you have any experience with writing HTML?</p>",
          "<p>Have you previously taken a course or a tutorial about HTML or web development in general?</p>",
          "<p>Have you used any front-end web-development frameworks before (like Vue.js, React, Angular)?</p>"
        ],
        "answers": ["Yes", "No", "No", "No"],
        "answersIndex": [0, 1, 1, 1],
        "maxCorrect": 4,
        "coordinates": {"x": 0, "y": 0},
        "msg": "Jimin Wang answered the questions as follows: Do you have any idea what HTML is about? Yes.  Do you have any experience with writing HTML? No.  Have you previously taken a course or a tutorial about HTML or web development in general? No.  Have you used any front-end web-development frameworks before (like Vue.js, React, Angular)? No.",
        "form": {
          "0": {"0": true, "text": ""},
          "1": {"1": true, "text": ""},
          "2": {"1": true, "text": ""},
          "3": {"1": true, "text": ""}
        }
      }
    },
    "znza2WvWyiBTfdzab": {
      "data": {
        "questions": [
          "<p>Do you have any idea what HTML is about?</p>",
          "<p>Do you have any experience with writing HTML?</p>",
          "<p>Have you previously taken a course or a tutorial about HTML or web development in general?</p>",
          "<p>Have you used any front-end web-development frameworks before (like Vue.js, React, Angular)?</p>"
        ],
        "answers": ["Yes", "No", "No", "Yes"],
        "answersIndex": [0, 1, 1, 0],
        "maxCorrect": 4,
        "coordinates": {"x": 0, "y": 0},
        "msg": "Ludo Hoffstetter answered the questions as follows: Do you have any idea what HTML is about? Yes.  Do you have any experience with writing HTML? No.  Have you previously taken a course or a tutorial about HTML or web development in general? No.  Have you used any front-end web-development frameworks before (like Vue.js, React, Angular)? Yes.",
        "form": {
          "0": {"0": true, "text": ""},
          "1": {"1": true, "text": ""},
          "2": {"1": true, "text": ""},
          "3": {"0": true, "text": ""}
        }
      }
    },
    "zziBcRA4iFysNPizw": {
      "data": {
        "questions": [
          "<p>Do you have any idea what HTML is about?</p>",
          "<p>Do you have any experience with writing HTML?</p>",
          "<p>Have you previously taken a course or a tutorial about HTML or web development in general?</p>",
          "<p>Have you used any front-end web-development frameworks before (like Vue.js, React, Angular)?</p>"
        ],
        "answers": ["Yes", "Yes", "Yes", "No"],
        "answersIndex": [0, 0, 0, 1],
        "maxCorrect": 4,
        "coordinates": {"x": 0, "y": 0},
        "msg": "Jan Horesovsky answered the questions as follows: Do you have any idea what HTML is about? Yes.  Do you have any experience with writing HTML? Yes.  Have you previously taken a course or a tutorial about HTML or web development in general? Yes.  Have you used any front-end web-development frameworks before (like Vue.js, React, Angular)? No.",
        "form": {
          "0": {"0": true, "text": ""},
          "1": {"0": true, "text": ""},
          "2": {"0": true, "text": ""},
          "3": {"1": true, "text": ""}
        }
      }
    }
  }
}