{
  "_id": "ck3ydk7vr01b001rs9qp4dloz",
  "type": "social",
  "socialStructure": {
    "Split class into groups of 2-3 for the HTML analysis": {
      "1": ["BMjGCT4wEQuYNyTiS", "hjfHvYz88HrEAiHw7"],
      "2": ["PqdvC3XWpMyWFqire", "53TwXKQe62kT2tnRp"],
      "3": ["PrjgtRBCGbqJoZ3HN", "w47e4oqeyEuQFBYaD"],
      "4": ["iCcqC5LHLXf5Ja3jK", "znza2WvWyiBTfdzab"],
      "5": ["zziBcRA4iFysNPizw", "o5DALaM8AFwY6H4tE"],
      "6": ["EdAtNnM345PRb4tLZ", "NEJpZWwLZ4dzzvYh7"],
      "7": ["Sp3JZtnPt2G6W7a32", "C23vEwAz5F76NjERx"],
      "8": ["2bcTjnfNuKp5hJcyK", "xGGhgoi8Lr67HZvga"],
      "9": ["QpTfa3muPPMBFR9Pp", "Gv7QyY2nyFbAQadHu"],
      "10": ["Ystaypp7AmJ4wYvsM", "g5QS8GZ6gaFThnu94"],
      "11": ["28AYQLYnkgBi5uKXN", "bFNGRyeEysDF8YCYG"],
      "12": ["Aw4gxBApCsdMueCwk", "YvCdYm3zReNZzrtNs"],
      "13": ["k2oxfxXXwQszGYgbX", "PdmCgSRv3kmfWwA3a"]
    }
  }
}