{
  "structure": "individual",
  "payload": {
    "28AYQLYnkgBi5uKXN": {"data": {}},
    "2bcTjnfNuKp5hJcyK": {"data": {"play": 103.259137}},
    "53TwXKQe62kT2tnRp": {"data": {}},
    "Aw4gxBApCsdMueCwk": {"data": {}},
    "BMjGCT4wEQuYNyTiS": {"data": {"play": 86.303157}},
    "C23vEwAz5F76NjERx": {"data": {}},
    "EdAtNnM345PRb4tLZ": {"data": {}},
    "Gv7QyY2nyFbAQadHu": {"data": {"play": 103.259137}},
    "NEJpZWwLZ4dzzvYh7": {"data": {"play": 103.259137}},
    "PdmCgSRv3kmfWwA3a": {"data": {}},
    "PqdvC3XWpMyWFqire": {"data": {}},
    "PrjgtRBCGbqJoZ3HN": {"data": {"play": 103.259138}},
    "QpTfa3muPPMBFR9Pp": {"data": {}},
    "Sp3JZtnPt2G6W7a32": {"data": {"play": 103.259138}},
    "Ystaypp7AmJ4wYvsM": {"data": {"play": 52.98683}},
    "YvCdYm3zReNZzrtNs": {"data": {}},
    "bFNGRyeEysDF8YCYG": {"data": {"play": 103.259137}},
    "g5QS8GZ6gaFThnu94": {"data": {}},
    "hjfHvYz88HrEAiHw7": {"data": {"play": 103.259137}},
    "iCcqC5LHLXf5Ja3jK": {"data": {}},
    "k2oxfxXXwQszGYgbX": {"data": {"play": 103.259138}},
    "o5DALaM8AFwY6H4tE": {"data": {"play": 103.259138}},
    "w47e4oqeyEuQFBYaD": {"data": {}},
    "xGGhgoi8Lr67HZvga": {"data": {}},
    "znza2WvWyiBTfdzab": {"data": {}},
    "zziBcRA4iFysNPizw": {"data": {}}
  }
}