{
  "_id": "ck3ydk7vr01b201rsg338h7dd",
  "type": "control",
  "controlStructure": {
    "all": {
      "structure": "individual",
      "mode": "include",
      "payload": {
        "Ystaypp7AmJ4wYvsM": true,
        "bFNGRyeEysDF8YCYG": true,
        "Sp3JZtnPt2G6W7a32": true,
        "g5QS8GZ6gaFThnu94": true,
        "Gv7QyY2nyFbAQadHu": true,
        "2bcTjnfNuKp5hJcyK": true,
        "o5DALaM8AFwY6H4tE": true,
        "PrjgtRBCGbqJoZ3HN": true,
        "hjfHvYz88HrEAiHw7": true,
        "NEJpZWwLZ4dzzvYh7": true,
        "k2oxfxXXwQszGYgbX": true,
        "BMjGCT4wEQuYNyTiS": true,
        "w47e4oqeyEuQFBYaD": true
      }
    }
  }
}