{
  "structure": {
    "groupingKey": "Split class into groups of 2-3 for the HTML analysis"
  },
  "payload": {
    "1": {
      "data": {
        "ck3zl414w00013h7ivvj4fdzd": {
          "order": 1,
          "msg": "Hola",
          "user": "Isitan Gorkey",
          "id": "ck3zl414w00013h7ivvj4fdzd"
        },
        "ck3zl44a40001317ikdvkxu42": {
          "order": 2,
          "msg": "hey hey",
          "user": "Marie Mouna Reignier Tayar",
          "id": "ck3zl44a40001317ikdvkxu42"
        },
        "ck3zl4fc700023h7iljrp72mh": {
          "order": 3,
          "msg": "head is not closed",
          "user": "Isitan Gorkey",
          "id": "ck3zl4fc700023h7iljrp72mh"
        },
        "ck3zl4ld400033h7ipe5pp9dx": {
          "order": 4,
          "msg": "guess you just fixed that hahaha",
          "user": "Isitan Gorkey",
          "id": "ck3zl4ld400033h7ipe5pp9dx"
        },
        "ck3zl4rtw0002317i1nh6npgh": {
          "order": 5,
          "msg": "i didn't haha",
          "user": "Marie Mouna Reignier Tayar",
          "id": "ck3zl4rtw0002317i1nh6npgh"
        },
        "ck3zl53nc0003317if12bkmwa": {
          "order": 6,
          "msg": "but there is the alt description missing for the image",
          "user": "Marie Mouna Reignier Tayar",
          "id": "ck3zl53nc0003317if12bkmwa"
        },
        "ck3zl5o0g00043h7i8p21tp61": {
          "order": 7,
          "msg": "Nice",
          "user": "Isitan Gorkey",
          "id": "ck3zl5o0g00043h7i8p21tp61"
        },
        "ck3zl5zcj0004317idcooremv": {
          "order": 8,
          "msg": "is that all?",
          "user": "Marie Mouna Reignier Tayar",
          "id": "ck3zl5zcj0004317idcooremv"
        },
        "ck3zl641c00053h7isw7rl6wo": {
          "order": 9,
          "msg": "There was an unclosed p",
          "user": "Isitan Gorkey",
          "id": "ck3zl641c00053h7isw7rl6wo"
        },
        "ck3zl66m000063h7i1qeqayou": {
          "order": 10,
          "msg": "trickery all over",
          "user": "Isitan Gorkey",
          "id": "ck3zl66m000063h7i1qeqayou"
        },
        "ck3zl6lk800073h7i4xukdd3m": {
          "order": 11,
          "msg": "That seems to be it",
          "user": "Isitan Gorkey",
          "id": "ck3zl6lk800073h7i4xukdd3m"
        },
        "ck3zl6ly80005317iwt61jfqd": {
          "order": 12,
          "msg": ":)",
          "user": "Marie Mouna Reignier Tayar",
          "id": "ck3zl6ly80005317iwt61jfqd"
        },
        "ck3zl7nk200083h7ihvaffiph": {
          "order": 13,
          "msg": "It's a cool course",
          "user": "Isitan Gorkey",
          "id": "ck3zl7nk200083h7ihvaffiph"
        },
        "ck3zl7yek00093h7iydlyjglj": {
          "order": 14,
          "msg": "Idk how they put those html inputs",
          "user": "Isitan Gorkey",
          "id": "ck3zl7yek00093h7iydlyjglj"
        }
      }
    },
    "2": {
      "data": {
        "ck3zl44vc0001287y74jkd8ht": {
          "order": 1,
          "msg": "yo",
          "user": "Thanh Loïc Nguyen",
          "id": "ck3zl44vc0001287y74jkd8ht"
        },
        "ck3zl4rgi00012880pc1hd5vq": {
          "order": 2,
          "msg": "thello",
          "user": "Robin Leurent",
          "id": "ck3zl4rgi00012880pc1hd5vq"
        },
        "ck3zl4yv300022880xdn7pi4f": {
          "order": 3,
          "msg": "alors",
          "user": "Robin Leurent",
          "id": "ck3zl4yv300022880xdn7pi4f"
        },
        "ck3zl51z100032880el3brdxd": {
          "order": 4,
          "msg": "je brille pas en html",
          "user": "Robin Leurent",
          "id": "ck3zl51z100032880el3brdxd"
        },
        "ck3zl57d90002287y3yybt5b1": {
          "order": 5,
          "msg": "haha t'inquiètes",
          "user": "Thanh Loïc Nguyen",
          "id": "ck3zl57d90002287y3yybt5b1"
        },
        "ck3zl5aqg0003287yqaeam620": {
          "order": 6,
          "msg": "je vois qu'il a pas fermé le body déjà",
          "user": "Thanh Loïc Nguyen",
          "id": "ck3zl5aqg0003287yqaeam620"
        },
        "ck3zl5pt000042880mu8mn21a": {
          "order": 7,
          "msg": "efffectivment",
          "user": "Robin Leurent",
          "id": "ck3zl5pt000042880mu8mn21a"
        },
        "ck3zl64mx000528804h1iqtg7": {
          "order": 8,
          "msg": "je crois que l'url de l'image est faux aussi; ",
          "user": "Robin Leurent",
          "id": "ck3zl64mx000528804h1iqtg7"
        },
        "ck3zl6c8c0004287y5gxj5z6m": {
          "order": 9,
          "msg": "il manque le <ul> pour la liste",
          "user": "Thanh Loïc Nguyen",
          "id": "ck3zl6c8c0004287y5gxj5z6m"
        },
        "ck3zl6exo000628803rmpgkj8": {
          "order": 10,
          "msg": "c'est un .jp mais je sais pas si ca existe",
          "user": "Robin Leurent",
          "id": "ck3zl6exo000628803rmpgkj8"
        },
        "ck3zl6ore0005287ynhscew8t": {
          "order": 11,
          "msg": "Ah ouais",
          "user": "Thanh Loïc Nguyen",
          "id": "ck3zl6ore0005287ynhscew8t"
        },
        "ck3zl79rd000728801v3j5ato": {
          "order": 12,
          "msg": "chez moi la liste ca marhce toujours pas je sais pas si chez toi ca fonctionne?",
          "user": "Robin Leurent",
          "id": "ck3zl79rd000728801v3j5ato"
        },
        "ck3zl7ew20006287yzmvlf2vl": {
          "order": 13,
          "msg": "nan",
          "user": "Thanh Loïc Nguyen",
          "id": "ck3zl7ew20006287yzmvlf2vl"
        },
        "ck3zl7qcu0007287ya503kj5q": {
          "order": 14,
          "msg": "chelou",
          "user": "Thanh Loïc Nguyen",
          "id": "ck3zl7qcu0007287ya503kj5q"
        },
        "ck3zl7u5n00082880tyr4hy50": {
          "order": 15,
          "msg": "c'etait ul ou u?",
          "user": "Robin Leurent",
          "id": "ck3zl7u5n00082880tyr4hy50"
        },
        "ck3zl8c240008287y3wyc479w": {
          "order": 16,
          "msg": "j'étais sûr que c'était ul mais on dirait pas",
          "user": "Thanh Loïc Nguyen",
          "id": "ck3zl8c240008287y3wyc479w"
        },
        "ck3zl8lvc0009287y92q6rrq6": {
          "order": 17,
          "msg": "bon tant pis",
          "user": "Thanh Loïc Nguyen",
          "id": "ck3zl8lvc0009287y92q6rrq6"
        }
      }
    },
    "3": {
      "data": {
        "ck3zl3u3f0001287ufcf1g5d6": {
          "order": 1,
          "msg": "Hello !",
          "user": "Jade Maï L Cock",
          "id": "ck3zl3u3f0001287ufcf1g5d6"
        },
        "ck3zl4jyr0002287us7493tbc": {
          "order": 2,
          "msg": "Do you know something about html? ",
          "user": "Jade Maï L Cock",
          "id": "ck3zl4jyr0002287us7493tbc"
        },
        "ck3zl5gdf0003287uapox9exc": {
          "order": 3,
          "msg": "I think the titles should start from h1 to h2",
          "user": "Jade Maï L Cock",
          "id": "ck3zl5gdf0003287uapox9exc"
        },
        "ck3zl6gpx0004287uc4fnazwa": {
          "order": 4,
          "msg": "No links",
          "user": "Jade Maï L Cock",
          "id": "ck3zl6gpx0004287uc4fnazwa"
        },
        "ck3zl6p050005287uj7axc60q": {
          "order": 5,
          "msg": "there shoudl be an alternative",
          "user": "Jade Maï L Cock",
          "id": "ck3zl6p050005287uj7axc60q"
        }
      }
    },
    "4": {
      "data": {
        "ck3zl3xe600013e71wn19ou67": {
          "order": 1,
          "msg": "Holà !",
          "user": "Ludo Hoffstetter",
          "id": "ck3zl3xe600013e71wn19ou67"
        },
        "ck3zl43v500013l7mfoasdrdh": {
          "order": 2,
          "msg": "Hi",
          "user": "Anton Soldatenkov",
          "id": "ck3zl43v500013l7mfoasdrdh"
        },
        "ck3zl4lue00023e71niotpnsq": {
          "order": 3,
          "msg": "Indent is messed up, I guess we can count that as an error",
          "user": "Ludo Hoffstetter",
          "id": "ck3zl4lue00023e71niotpnsq"
        },
        "ck3zl4wie00033e71wj9qqgzf": {
          "order": 4,
          "msg": "starting with an h2",
          "user": "Ludo Hoffstetter",
          "id": "ck3zl4wie00033e71wj9qqgzf"
        },
        "ck3zl4z2e00043e71wuru23x3": {
          "order": 5,
          "msg": "should be h1",
          "user": "Ludo Hoffstetter",
          "id": "ck3zl4z2e00043e71wuru23x3"
        },
        "ck3zl53gm00023l7mpn88pb5r": {
          "order": 6,
          "msg": "Yep, image source is also broken",
          "user": "Anton Soldatenkov",
          "id": "ck3zl53gm00023l7mpn88pb5r"
        },
        "ck3zl81pm00013e71cm32ma10": {
          "order": 7,
          "msg": "No links in the <a> tags",
          "user": "Ludo Hoffstetter",
          "id": "ck3zl81pm00013e71cm32ma10"
        }
      }
    },
    "5": {
      "data": {
        "ck3zl4bdt0001287u6ziznget": {
          "order": 1,
          "msg": "Hello!",
          "user": "Jan Horesovsky",
          "id": "ck3zl4bdt0001287u6ziznget"
        },
        "ck3zl4f5600011y7p7bezm807": {
          "order": 2,
          "msg": "hello",
          "user": "David Joaquim Da Rocha Rodrigues",
          "id": "ck3zl4f5600011y7p7bezm807"
        },
        "ck3zl4m880002287u44q1dbec": {
          "order": 3,
          "msg": "I think that indentation can be improved.",
          "user": "Jan Horesovsky",
          "id": "ck3zl4m880002287u44q1dbec"
        },
        "ck3zl4rde0003287u3p162mou": {
          "order": 4,
          "msg": "I'll do it.",
          "user": "Jan Horesovsky",
          "id": "ck3zl4rde0003287u3p162mou"
        },
        "ck3zl4w9m00021y7ptnqc2eq5": {
          "order": 5,
          "msg": "there's a missing </body> also",
          "user": "David Joaquim Da Rocha Rodrigues",
          "id": "ck3zl4w9m00021y7ptnqc2eq5"
        },
        "ck3zl5e4u00031y7pm27amkrr": {
          "order": 6,
          "msg": "missing alt in img too",
          "user": "David Joaquim Da Rocha Rodrigues",
          "id": "ck3zl5e4u00031y7pm27amkrr"
        },
        "ck3zl5srp0004287ugopsena8": {
          "order": 7,
          "msg": "yep",
          "user": "Jan Horesovsky",
          "id": "ck3zl5srp0004287ugopsena8"
        },
        "ck3zl61cc0005287utc6np3qh": {
          "order": 8,
          "msg": "I'll fix the list",
          "user": "Jan Horesovsky",
          "id": "ck3zl61cc0005287utc6np3qh"
        },
        "ck3zl6u2u00041y7pv04v7jz4": {
          "order": 9,
          "msg": "I don't get the anchor thing",
          "user": "David Joaquim Da Rocha Rodrigues",
          "id": "ck3zl6u2u00041y7pv04v7jz4"
        },
        "ck3zl7nah0006287uk66n4umh": {
          "order": 10,
          "msg": "What anchor? :D",
          "user": "Jan Horesovsky",
          "id": "ck3zl7nah0006287uk66n4umh"
        },
        "ck3zl7s7p00051y7py7utu147": {
          "order": 11,
          "msg": "haha",
          "user": "David Joaquim Da Rocha Rodrigues",
          "id": "ck3zl7s7p00051y7py7utu147"
        },
        "ck3zl87ur00061y7p3qlbtv1g": {
          "order": 12,
          "msg": "there's a missing <h1>",
          "user": "David Joaquim Da Rocha Rodrigues",
          "id": "ck3zl87ur00061y7p3qlbtv1g"
        },
        "ck3zl8blp0007287uctl23ola": {
          "order": 13,
          "msg": "where should the meat be?",
          "user": "Jan Horesovsky",
          "id": "ck3zl8blp0007287uctl23ola"
        },
        "ck3zl8ed30008287uwsqw1f91": {
          "order": 14,
          "msg": "*meta",
          "user": "Jan Horesovsky",
          "id": "ck3zl8ed30008287uwsqw1f91"
        },
        "ck3zl8jfq0009287upbq8fatt": {
          "order": 15,
          "msg": "true about the h1!",
          "user": "Jan Horesovsky",
          "id": "ck3zl8jfq0009287upbq8fatt"
        }
      }
    },
    "6": {
      "data": {
        "ck3zl4jxz00013b7g44hutq5p": {
          "order": 1,
          "msg": "Hey",
          "user": "Victor Louis René Jean Taburet",
          "id": "ck3zl4jxz00013b7g44hutq5p"
        },
        "ck3zl4w7s00023b7g1j5j16yh": {
          "order": 2,
          "msg": "Do you see </body> somewhere?",
          "user": "Victor Louis René Jean Taburet",
          "id": "ck3zl4w7s00023b7g1j5j16yh"
        }
      }
    },
    "7": {
      "data": {
        "ck3zl43hn0001247prefc2217": {
          "order": 1,
          "msg": "hi!",
          "user": "Lua Streit",
          "id": "ck3zl43hn0001247prefc2217"
        },
        "ck3zl45pq00012880zmf88gni": {
          "order": 2,
          "msg": "hi",
          "user": "Johan Per Alexandre Lanzrein",
          "id": "ck3zl45pq00012880zmf88gni"
        },
        "ck3zl5kq800022880niez64tq": {
          "order": 3,
          "msg": "beautiful",
          "user": "Johan Per Alexandre Lanzrein",
          "id": "ck3zl5kq800022880niez64tq"
        },
        "ck3zl5sva0002247p0kpigo8q": {
          "order": 4,
          "msg": "looks good",
          "user": "Lua Streit",
          "id": "ck3zl5sva0002247p0kpigo8q"
        },
        "ck3zl5vcv00032880cdqqi176": {
          "order": 5,
          "msg": "yes",
          "user": "Johan Per Alexandre Lanzrein",
          "id": "ck3zl5vcv00032880cdqqi176"
        },
        "ck3zl6bdc00042880ig099qd2": {
          "order": 6,
          "msg": "almost better than the real epfl website",
          "user": "Johan Per Alexandre Lanzrein",
          "id": "ck3zl6bdc00042880ig099qd2"
        },
        "ck3zl6s470003247potd3bv8b": {
          "order": 7,
          "msg": "for sure",
          "user": "Lua Streit",
          "id": "ck3zl6s470003247potd3bv8b"
        }
      }
    },
    "8": {
      "data": {
        "ck3zl5bz400013b7icigovaqb": {
          "order": 1,
          "msg": "is that <ur> or <ul>",
          "user": "Jimin Wang",
          "id": "ck3zl5bz400013b7icigovaqb"
        },
        "ck3zl5ex800023b7i26tyzq1f": {
          "order": 2,
          "msg": "I forgort",
          "user": "Jimin Wang",
          "id": "ck3zl5ex800023b7i26tyzq1f"
        }
      }
    },
    "9": {
      "data": {
        "ck3zl46x700013b7g4rpjb342": {
          "order": 1,
          "msg": "hi",
          "user": "Alexis Philippe Marie Mermet",
          "id": "ck3zl46x700013b7g4rpjb342"
        },
        "ck3zl4q6x00013b7ij3wp966x": {
          "order": 2,
          "msg": "Hi",
          "user": "Maja Stamenkovic",
          "id": "ck3zl4q6x00013b7ij3wp966x"
        },
        "ck3zl4xgo00023b7g3k4790j7": {
          "order": 3,
          "msg": "it was missing a g at jpg",
          "user": "Alexis Philippe Marie Mermet",
          "id": "ck3zl4xgo00023b7g3k4790j7"
        },
        "ck3zl59db00023b7iak4mg9r2": {
          "order": 4,
          "msg": "There are missing links in <a> tags",
          "user": "Maja Stamenkovic",
          "id": "ck3zl59db00023b7iak4mg9r2"
        },
        "ck3zl509y00033b7gf2bfp4vo": {
          "order": 5,
          "msg": "right",
          "user": "Alexis Philippe Marie Mermet",
          "id": "ck3zl509y00033b7gf2bfp4vo"
        },
        "ck3zl6ib700033b7i4ycjo9dk": {
          "order": 6,
          "msg": "Also headings",
          "user": "Maja Stamenkovic",
          "id": "ck3zl6ib700033b7i4ycjo9dk"
        },
        "ck3zl67w500043b7gb15n0aqg": {
          "order": 7,
          "msg": "wrtting two at the same time seems to do crzay things haha",
          "user": "Alexis Philippe Marie Mermet",
          "id": "ck3zl67w500043b7gb15n0aqg"
        },
        "ck3zl6o2s00043b7iftuadjol": {
          "order": 8,
          "msg": "They don't start from 1",
          "user": "Maja Stamenkovic",
          "id": "ck3zl6o2s00043b7iftuadjol"
        },
        "ck3zl6ss300053b7iiv5ncexy": {
          "order": 9,
          "msg": "I will fix the headings",
          "user": "Maja Stamenkovic",
          "id": "ck3zl6ss300053b7iiv5ncexy"
        },
        "ck3zl7b5q00063b7il81wukzs": {
          "order": 10,
          "msg": "And <ul> is missing",
          "user": "Maja Stamenkovic",
          "id": "ck3zl7b5q00063b7il81wukzs"
        },
        "ck3zl766i00053b7gw4pvpzws": {
          "order": 11,
          "msg": "ok",
          "user": "Alexis Philippe Marie Mermet",
          "id": "ck3zl766i00053b7gw4pvpzws"
        },
        "ck3zl8ix200073b7ieqvzpplt": {
          "order": 12,
          "msg": "I don't see anything else",
          "user": "Maja Stamenkovic",
          "id": "ck3zl8ix200073b7ieqvzpplt"
        },
        "ck3zl8k9500083b7iy454ihwh": {
          "order": 13,
          "msg": "You?",
          "user": "Maja Stamenkovic",
          "id": "ck3zl8k9500083b7iy454ihwh"
        },
        "ck3zl8cvj00063b7guogi1bln": {
          "order": 14,
          "msg": "not at all",
          "user": "Alexis Philippe Marie Mermet",
          "id": "ck3zl8cvj00063b7guogi1bln"
        },
        "ck3zl8xn200093b7iafdnmhyo": {
          "order": 15,
          "msg": "Okay then :)",
          "user": "Maja Stamenkovic",
          "id": "ck3zl8xn200093b7iafdnmhyo"
        },
        "ck3zl8n1f00073b7getsa8y3q": {
          "order": 16,
          "msg": "the first lines seem ok",
          "user": "Alexis Philippe Marie Mermet",
          "id": "ck3zl8n1f00073b7getsa8y3q"
        },
        "ck3zl8o2u00083b7gnik5v6zv": {
          "order": 17,
          "msg": ";)",
          "user": "Alexis Philippe Marie Mermet",
          "id": "ck3zl8o2u00083b7gnik5v6zv"
        }
      }
    },
    "10": {
      "data": {
        "ck3zl4g8p0001267va19oqdo9": {
          "order": 1,
          "msg": "we should move the head?",
          "user": "Jeremy Olivier Mion",
          "id": "ck3zl4g8p0001267va19oqdo9"
        },
        "ck3zl4iey0002267vrl6a60nt": {
          "order": 2,
          "msg": "Hi!",
          "user": "Jeremy Olivier Mion",
          "id": "ck3zl4iey0002267vrl6a60nt"
        }
      }
    },
    "11": {
      "data": {
        "ck3zl3ssi00013h7gac3gvezb": {
          "order": 1,
          "msg": "Hello there",
          "user": "Elias Hariz",
          "id": "ck3zl3ssi00013h7gac3gvezb"
        },
        "ck3zl45xc00012a7wv19krcm7": {
          "order": 2,
          "msg": "Hi",
          "user": "Andrea Sebastien Scalisi",
          "id": "ck3zl45xc00012a7wv19krcm7"
        },
        "ck3zl4mug00022a7we5uval5h": {
          "order": 3,
          "msg": "Indentation is missing so it's not easily readable",
          "user": "Andrea Sebastien Scalisi",
          "id": "ck3zl4mug00022a7we5uval5h"
        },
        "ck3zl4suw00023h7g6611sski": {
          "order": 4,
          "msg": "Just removed unused <a> tags",
          "user": "Elias Hariz",
          "id": "ck3zl4suw00023h7g6611sski"
        },
        "ck3zl4ucf00032a7wmhwlurvd": {
          "order": 5,
          "msg": "and an alt is missing for the picture",
          "user": "Andrea Sebastien Scalisi",
          "id": "ck3zl4ucf00032a7wmhwlurvd"
        },
        "ck3zl4wsh00042a7wujnp28cc": {
          "order": 6,
          "msg": "Yep",
          "user": "Andrea Sebastien Scalisi",
          "id": "ck3zl4wsh00042a7wujnp28cc"
        },
        "ck3zl51z400033h7gy7eb53te": {
          "order": 7,
          "msg": "Yup need an alt",
          "user": "Elias Hariz",
          "id": "ck3zl51z400033h7gy7eb53te"
        },
        "ck3zl5cce00052a7w95v58kfb": {
          "order": 8,
          "msg": "Added missing \"g\" to picture link though",
          "user": "Andrea Sebastien Scalisi",
          "id": "ck3zl5cce00052a7w95v58kfb"
        },
        "ck3zl5nqb00043h7gsx7pkf2f": {
          "order": 9,
          "msg": "oh I didn't notice that haha",
          "user": "Elias Hariz",
          "id": "ck3zl5nqb00043h7gsx7pkf2f"
        },
        "ck3zl6lwu00053h7gnq87qawi": {
          "order": 10,
          "msg": "I think we're good",
          "user": "Elias Hariz",
          "id": "ck3zl6lwu00053h7gnq87qawi"
        },
        "ck3zl6pu400062a7wgguamz51": {
          "order": 11,
          "msg": "I think now that's good",
          "user": "Andrea Sebastien Scalisi",
          "id": "ck3zl6pu400062a7wgguamz51"
        },
        "ck3zl6rev00072a7ww6nsi053": {
          "order": 12,
          "msg": "yep !",
          "user": "Andrea Sebastien Scalisi",
          "id": "ck3zl6rev00072a7ww6nsi053"
        }
      }
    },
    "12": {
      "data": {
        "ck3zl4ja900013h7izmpamzf4": {
          "order": 1,
          "msg": "no closing tag for body?",
          "user": "Timur Nikita Lavrov",
          "id": "ck3zl4ja900013h7izmpamzf4"
        }
      }
    },
    "13": {
      "data": {
        "ck3zl466i0001267u2cgk7qqc": {
          "order": 1,
          "msg": "whaddup",
          "user": "Maxime Quentin Pisa",
          "id": "ck3zl466i0001267u2cgk7qqc"
        },
        "ck3zl7ws40002267uj88joa3z": {
          "order": 2,
          "msg": "u ded?",
          "user": "Maxime Quentin Pisa",
          "id": "ck3zl7ws40002267uj88joa3z"
        },
        "ck3zl8cjr0003267u7jzypat3": {
          "order": 3,
          "msg": "Well ack you i did it alone",
          "user": "Maxime Quentin Pisa",
          "id": "ck3zl8cjr0003267u7jzypat3"
        },
        "ck3zl8gzt0004267uiijr6i6e": {
          "order": 4,
          "msg": "fack",
          "user": "Maxime Quentin Pisa",
          "id": "ck3zl8gzt0004267uiijr6i6e"
        }
      }
    }
  }
}