{
  "structure": "individual",
  "payload": {
    "28AYQLYnkgBi5uKXN": {"data": {"play": 98.382947}},
    "2bcTjnfNuKp5hJcyK": {"data": {}},
    "53TwXKQe62kT2tnRp": {"data": {"play": 98.382947}},
    "Aw4gxBApCsdMueCwk": {"data": {"play": 98.382947}},
    "BMjGCT4wEQuYNyTiS": {"data": {}},
    "C23vEwAz5F76NjERx": {"data": {"play": 98.382947}},
    "EdAtNnM345PRb4tLZ": {"data": {}},
    "Gv7QyY2nyFbAQadHu": {"data": {}},
    "NEJpZWwLZ4dzzvYh7": {"data": {}},
    "PdmCgSRv3kmfWwA3a": {"data": {}},
    "PqdvC3XWpMyWFqire": {"data": {"play": 98.347219}},
    "PrjgtRBCGbqJoZ3HN": {"data": {}},
    "QpTfa3muPPMBFR9Pp": {"data": {"play": 98.382946}},
    "Sp3JZtnPt2G6W7a32": {"data": {}},
    "Ystaypp7AmJ4wYvsM": {"data": {}},
    "YvCdYm3zReNZzrtNs": {"data": {"play": 98.382946}},
    "bFNGRyeEysDF8YCYG": {"data": {}},
    "g5QS8GZ6gaFThnu94": {"data": {}},
    "hjfHvYz88HrEAiHw7": {"data": {}},
    "iCcqC5LHLXf5Ja3jK": {"data": {"play": 98.382946}},
    "k2oxfxXXwQszGYgbX": {"data": {}},
    "o5DALaM8AFwY6H4tE": {"data": {}},
    "w47e4oqeyEuQFBYaD": {"data": {}},
    "xGGhgoi8Lr67HZvga": {"data": {"play": 43.78554507629394}},
    "znza2WvWyiBTfdzab": {"data": {"play": 98.384219247}},
    "zziBcRA4iFysNPizw": {"data": {"play": 98.382947}}
  }
}